,,Arsenal,Everton,Fulham,Manchester City,Newcastle United,Queens Park Rangers,Reading,West Bromwich Albion,West Ham United,Wigan Athletic,Aston Villa,Chelsea,Liverpool,Manchester United,Norwich City,Southampton,Stoke City,Sunderland,Swansea City,Tottenham Hotspur
Arsenal vs Everton,win%,43.2,41.8,,,,,,,,,,,,,,,,,,
Arsenal vs Everton,loss%,41.8,43.2,,,,,,,,,,,,,,,,,,
Arsenal vs Everton,tie%,15.0,15.0,,,,,,,,,,,,,,,,,,
Arsenal vs Everton,avg_goles,3.074,3.066,,,,,,,,,,,,,,,,,,
Arsenal vs Everton,avg_tiros,18.162,16.842,,,,,,,,,,,,,,,,,,
Arsenal vs Everton,avg_pases,302.654,260.42,,,,,,,,,,,,,,,,,,
Arsenal vs Everton,avg_quites,89.76,111.318,,,,,,,,,,,,,,,,,,
Arsenal vs Fulham,win%,66.5,,18.8,,,,,,,,,,,,,,,,,
Arsenal vs Fulham,loss%,18.8,,66.5,,,,,,,,,,,,,,,,,
Arsenal vs Fulham,tie%,14.7,,14.7,,,,,,,,,,,,,,,,,
Arsenal vs Fulham,avg_goles,4.228,,2.676,,,,,,,,,,,,,,,,,
Arsenal vs Fulham,avg_tiros,19.866,,11.947,,,,,,,,,,,,,,,,,
Arsenal vs Fulham,avg_pases,291.362,,278.682,,,,,,,,,,,,,,,,,
Arsenal vs Fulham,avg_quites,98.167,,105.784,,,,,,,,,,,,,,,,,
Arsenal vs Manchester City,win%,37.4,,,44.1,,,,,,,,,,,,,,,,
Arsenal vs Manchester City,loss%,44.1,,,37.4,,,,,,,,,,,,,,,,
Arsenal vs Manchester City,tie%,18.5,,,18.5,,,,,,,,,,,,,,,,
Arsenal vs Manchester City,avg_goles,2.938,,,3.156,,,,,,,,,,,,,,,,
Arsenal vs Manchester City,avg_tiros,17.762,,,16.056,,,,,,,,,,,,,,,,
Arsenal vs Manchester City,avg_pases,310.637,,,307.779,,,,,,,,,,,,,,,,
Arsenal vs Manchester City,avg_quites,91.1,,,83.495,,,,,,,,,,,,,,,,
Arsenal vs Newcastle United,win%,83.6,,,,7.3,,,,,,,,,,,,,,,
Arsenal vs Newcastle United,loss%,7.3,,,,83.6,,,,,,,,,,,,,,,
Arsenal vs Newcastle United,tie%,9.1,,,,9.1,,,,,,,,,,,,,,,
Arsenal vs Newcastle United,avg_goles,3.685,,,,1.14,,,,,,,,,,,,,,,
Arsenal vs Newcastle United,avg_tiros,19.156,,,,8.003,,,,,,,,,,,,,,,
Arsenal vs Newcastle United,avg_pases,303.85,,,,251.49,,,,,,,,,,,,,,,
Arsenal vs Newcastle United,avg_quites,98.449,,,,108.486,,,,,,,,,,,,,,,
Arsenal vs Queens Park Rangers,win%,80.2,,,,,8.4,,,,,,,,,,,,,,
Arsenal vs Queens Park Rangers,loss%,8.4,,,,,80.2,,,,,,,,,,,,,,
Arsenal vs Queens Park Rangers,tie%,11.4,,,,,11.4,,,,,,,,,,,,,,
Arsenal vs Queens Park Rangers,avg_goles,3.137,,,,,1.034,,,,,,,,,,,,,,
Arsenal vs Queens Park Rangers,avg_tiros,18.017,,,,,8.987,,,,,,,,,,,,,,
Arsenal vs Queens Park Rangers,avg_pases,289.973,,,,,231.497,,,,,,,,,,,,,,
Arsenal vs Queens Park Rangers,avg_quites,90.916,,,,,134.03,,,,,,,,,,,,,,
Arsenal vs Reading,win%,67.30000000000001,,,,,,17.299999999999997,,,,,,,,,,,,,
Arsenal vs Reading,loss%,17.299999999999997,,,,,,67.30000000000001,,,,,,,,,,,,,
Arsenal vs Reading,tie%,15.4,,,,,,15.4,,,,,,,,,,,,,
Arsenal vs Reading,avg_goles,3.717,,,,,,2.142,,,,,,,,,,,,,
Arsenal vs Reading,avg_tiros,19.413,,,,,,9.485,,,,,,,,,,,,,
Arsenal vs Reading,avg_pases,363.762,,,,,,194.278,,,,,,,,,,,,,
Arsenal vs Reading,avg_quites,90.252,,,,,,107.577,,,,,,,,,,,,,
Arsenal vs West Bromwich Albion,win%,58.9,,,,,,,27.400000000000002,,,,,,,,,,,,
Arsenal vs West Bromwich Albion,loss%,27.400000000000002,,,,,,,58.9,,,,,,,,,,,,
Arsenal vs West Bromwich Albion,tie%,13.700000000000001,,,,,,,13.700000000000001,,,,,,,,,,,,
Arsenal vs West Bromwich Albion,avg_goles,3.817,,,,,,,2.781,,,,,,,,,,,,
Arsenal vs West Bromwich Albion,avg_tiros,19.346,,,,,,,11.62,,,,,,,,,,,,
Arsenal vs West Bromwich Albion,avg_pases,327.037,,,,,,,233.266,,,,,,,,,,,,
Arsenal vs West Bromwich Albion,avg_quites,93.714,,,,,,,107.931,,,,,,,,,,,,
Arsenal vs West Ham United,win%,51.9,,,,,,,,33.900000000000006,,,,,,,,,,,
Arsenal vs West Ham United,loss%,33.900000000000006,,,,,,,,51.9,,,,,,,,,,,
Arsenal vs West Ham United,tie%,14.2,,,,,,,,14.2,,,,,,,,,,,
Arsenal vs West Ham United,avg_goles,3.532,,,,,,,,2.97,,,,,,,,,,,
Arsenal vs West Ham United,avg_tiros,20.189,,,,,,,,11.656,,,,,,,,,,,
Arsenal vs West Ham United,avg_pases,311.03,,,,,,,,224.577,,,,,,,,,,,
Arsenal vs West Ham United,avg_quites,88.987,,,,,,,,132.557,,,,,,,,,,,
Arsenal vs Wigan Athletic,win%,54.300000000000004,,,,,,,,,31.3,,,,,,,,,,
Arsenal vs Wigan Athletic,loss%,31.3,,,,,,,,,54.300000000000004,,,,,,,,,,
Arsenal vs Wigan Athletic,tie%,14.399999999999999,,,,,,,,,14.399999999999999,,,,,,,,,,
Arsenal vs Wigan Athletic,avg_goles,3.125,,,,,,,,,2.373,,,,,,,,,,
Arsenal vs Wigan Athletic,avg_tiros,16.072,,,,,,,,,13.401,,,,,,,,,,
Arsenal vs Wigan Athletic,avg_pases,304.709,,,,,,,,,310.197,,,,,,,,,,
Arsenal vs Wigan Athletic,avg_quites,98.61,,,,,,,,,82.906,,,,,,,,,,
Arsenal vs Aston Villa,win%,68.8,,,,,,,,,,19.8,,,,,,,,,
Arsenal vs Aston Villa,loss%,19.8,,,,,,,,,,68.8,,,,,,,,,
Arsenal vs Aston Villa,tie%,11.4,,,,,,,,,,11.4,,,,,,,,,
Arsenal vs Aston Villa,avg_goles,4.285,,,,,,,,,,2.533,,,,,,,,,
Arsenal vs Aston Villa,avg_tiros,20.036,,,,,,,,,,10.464,,,,,,,,,
Arsenal vs Aston Villa,avg_pases,316.389,,,,,,,,,,222.132,,,,,,,,,
Arsenal vs Aston Villa,avg_quites,98.764,,,,,,,,,,115.86,,,,,,,,,
Arsenal vs Chelsea,win%,43.9,,,,,,,,,,,41.3,,,,,,,,
Arsenal vs Chelsea,loss%,41.3,,,,,,,,,,,43.9,,,,,,,,
Arsenal vs Chelsea,tie%,14.799999999999999,,,,,,,,,,,14.799999999999999,,,,,,,,
Arsenal vs Chelsea,avg_goles,3.587,,,,,,,,,,,3.525,,,,,,,,
Arsenal vs Chelsea,avg_tiros,17.598,,,,,,,,,,,15.511,,,,,,,,
Arsenal vs Chelsea,avg_pases,284.027,,,,,,,,,,,306.032,,,,,,,,
Arsenal vs Chelsea,avg_quites,92.522,,,,,,,,,,,99.396,,,,,,,,
Arsenal vs Liverpool,win%,64.7,,,,,,,,,,,,20.0,,,,,,,
Arsenal vs Liverpool,loss%,20.0,,,,,,,,,,,,64.7,,,,,,,
Arsenal vs Liverpool,tie%,15.299999999999999,,,,,,,,,,,,15.299999999999999,,,,,,,
Arsenal vs Liverpool,avg_goles,3.563,,,,,,,,,,,,2.104,,,,,,,
Arsenal vs Liverpool,avg_tiros,15.759,,,,,,,,,,,,13.775,,,,,,,
Arsenal vs Liverpool,avg_pases,273.307,,,,,,,,,,,,330.293,,,,,,,
Arsenal vs Liverpool,avg_quites,97.169,,,,,,,,,,,,95.033,,,,,,,
Arsenal vs Manchester United,win%,59.8,,,,,,,,,,,,,26.200000000000003,,,,,,
Arsenal vs Manchester United,loss%,26.200000000000003,,,,,,,,,,,,,59.8,,,,,,
Arsenal vs Manchester United,tie%,14.000000000000002,,,,,,,,,,,,,14.000000000000002,,,,,,
Arsenal vs Manchester United,avg_goles,3.713,,,,,,,,,,,,,2.635,,,,,,
Arsenal vs Manchester United,avg_tiros,16.101,,,,,,,,,,,,,11.174,,,,,,
Arsenal vs Manchester United,avg_pases,284.496,,,,,,,,,,,,,317.611,,,,,,
Arsenal vs Manchester United,avg_quites,94.125,,,,,,,,,,,,,99.251,,,,,,
Arsenal vs Norwich City,win%,61.3,,,,,,,,,,,,,,22.0,,,,,
Arsenal vs Norwich City,loss%,22.0,,,,,,,,,,,,,,61.3,,,,,
Arsenal vs Norwich City,tie%,16.7,,,,,,,,,,,,,,16.7,,,,,
Arsenal vs Norwich City,avg_goles,3.451,,,,,,,,,,,,,,2.215,,,,,
Arsenal vs Norwich City,avg_tiros,18.159,,,,,,,,,,,,,,10.48,,,,,
Arsenal vs Norwich City,avg_pases,341.171,,,,,,,,,,,,,,211.591,,,,,
Arsenal vs Norwich City,avg_quites,97.165,,,,,,,,,,,,,,107.428,,,,,
Arsenal vs Southampton,win%,99.1,,,,,,,,,,,,,,,0.4,,,,
Arsenal vs Southampton,loss%,0.4,,,,,,,,,,,,,,,99.1,,,,
Arsenal vs Southampton,tie%,0.5,,,,,,,,,,,,,,,0.5,,,,
Arsenal vs Southampton,avg_goles,12.122,,,,,,,,,,,,,,,3.164,,,,
Arsenal vs Southampton,avg_tiros,14.535,,,,,,,,,,,,,,,14.475,,,,
Arsenal vs Southampton,avg_pases,274.289,,,,,,,,,,,,,,,301.608,,,,
Arsenal vs Southampton,avg_quites,93.07,,,,,,,,,,,,,,,117.271,,,,
Arsenal vs Stoke City,win%,54.7,,,,,,,,,,,,,,,,27.800000000000004,,,
Arsenal vs Stoke City,loss%,27.800000000000004,,,,,,,,,,,,,,,,54.7,,,
Arsenal vs Stoke City,tie%,17.5,,,,,,,,,,,,,,,,17.5,,,
Arsenal vs Stoke City,avg_goles,3.059,,,,,,,,,,,,,,,,2.206,,,
Arsenal vs Stoke City,avg_tiros,18.258,,,,,,,,,,,,,,,,8.33,,,
Arsenal vs Stoke City,avg_pases,302.04,,,,,,,,,,,,,,,,219.301,,,
Arsenal vs Stoke City,avg_quites,103.681,,,,,,,,,,,,,,,,132.956,,,
Arsenal vs Sunderland,win%,69.19999999999999,,,,,,,,,,,,,,,,,17.2,,
Arsenal vs Sunderland,loss%,17.2,,,,,,,,,,,,,,,,,69.19999999999999,,
Arsenal vs Sunderland,tie%,13.600000000000001,,,,,,,,,,,,,,,,,13.600000000000001,,
Arsenal vs Sunderland,avg_goles,3.285,,,,,,,,,,,,,,,,,1.651,,
Arsenal vs Sunderland,avg_tiros,19.209,,,,,,,,,,,,,,,,,9.477,,
Arsenal vs Sunderland,avg_pases,324.53,,,,,,,,,,,,,,,,,210.807,,
Arsenal vs Sunderland,avg_quites,99.951,,,,,,,,,,,,,,,,,115.089,,
Arsenal vs Swansea City,win%,55.7,,,,,,,,,,,,,,,,,,27.3,
Arsenal vs Swansea City,loss%,27.3,,,,,,,,,,,,,,,,,,55.7,
Arsenal vs Swansea City,tie%,17.0,,,,,,,,,,,,,,,,,,17.0,
Arsenal vs Swansea City,avg_goles,3.051,,,,,,,,,,,,,,,,,,2.208,
Arsenal vs Swansea City,avg_tiros,15.507,,,,,,,,,,,,,,,,,,12.57,
Arsenal vs Swansea City,avg_pases,286.505,,,,,,,,,,,,,,,,,,337.564,
Arsenal vs Swansea City,avg_quites,93.178,,,,,,,,,,,,,,,,,,91.273,
Arsenal vs Tottenham Hotspur,win%,46.9,,,,,,,,,,,,,,,,,,,36.3
Arsenal vs Tottenham Hotspur,loss%,36.3,,,,,,,,,,,,,,,,,,,46.9
Arsenal vs Tottenham Hotspur,tie%,16.8,,,,,,,,,,,,,,,,,,,16.8
Arsenal vs Tottenham Hotspur,avg_goles,3.283,,,,,,,,,,,,,,,,,,,3.0
Arsenal vs Tottenham Hotspur,avg_tiros,17.503,,,,,,,,,,,,,,,,,,,16.786
Arsenal vs Tottenham Hotspur,avg_pases,323.172,,,,,,,,,,,,,,,,,,,248.458
Arsenal vs Tottenham Hotspur,avg_quites,96.268,,,,,,,,,,,,,,,,,,,97.358
Everton vs Fulham,win%,,64.8,21.9,,,,,,,,,,,,,,,,,
Everton vs Fulham,loss%,,21.9,64.8,,,,,,,,,,,,,,,,,
Everton vs Fulham,tie%,,13.3,13.3,,,,,,,,,,,,,,,,,
Everton vs Fulham,avg_goles,,4.382,2.939,,,,,,,,,,,,,,,,,
Everton vs Fulham,avg_tiros,,20.605,12.928,,,,,,,,,,,,,,,,,
Everton vs Fulham,avg_pases,,257.264,287.486,,,,,,,,,,,,,,,,,
Everton vs Fulham,avg_quites,,113.709,101.488,,,,,,,,,,,,,,,,,
Everton vs Manchester City,win%,,37.3,,46.5,,,,,,,,,,,,,,,,
Everton vs Manchester City,loss%,,46.5,,37.3,,,,,,,,,,,,,,,,
Everton vs Manchester City,tie%,,16.2,,16.2,,,,,,,,,,,,,,,,
Everton vs Manchester City,avg_goles,,2.625,,2.975,,,,,,,,,,,,,,,,
Everton vs Manchester City,avg_tiros,,17.315,,17.505,,,,,,,,,,,,,,,,
Everton vs Manchester City,avg_pases,,270.517,,326.951,,,,,,,,,,,,,,,,
Everton vs Manchester City,avg_quites,,105.632,,78.672,,,,,,,,,,,,,,,,
Everton vs Newcastle United,win%,,83.8,,,6.1,,,,,,,,,,,,,,,
Everton vs Newcastle United,loss%,,6.1,,,83.8,,,,,,,,,,,,,,,
Everton vs Newcastle United,tie%,,10.100000000000001,,,10.100000000000001,,,,,,,,,,,,,,,
Everton vs Newcastle United,avg_goles,,3.473,,,0.906,,,,,,,,,,,,,,,
Everton vs Newcastle United,avg_tiros,,19.774,,,8.651,,,,,,,,,,,,,,,
Everton vs Newcastle United,avg_pases,,269.413,,,259.531,,,,,,,,,,,,,,,
Everton vs Newcastle United,avg_quites,,116.245,,,104.402,,,,,,,,,,,,,,,
Everton vs Queens Park Rangers,win%,,80.7,,,,7.3,,,,,,,,,,,,,,
Everton vs Queens Park Rangers,loss%,,7.3,,,,80.7,,,,,,,,,,,,,,
Everton vs Queens Park Rangers,tie%,,12.0,,,,12.0,,,,,,,,,,,,,,
Everton vs Queens Park Rangers,avg_goles,,3.015,,,,0.843,,,,,,,,,,,,,,
Everton vs Queens Park Rangers,avg_tiros,,17.684,,,,9.902,,,,,,,,,,,,,,
Everton vs Queens Park Rangers,avg_pases,,263.25,,,,244.281,,,,,,,,,,,,,,
Everton vs Queens Park Rangers,avg_quites,,103.307,,,,121.622,,,,,,,,,,,,,,
Everton vs Reading,win%,,63.4,,,,,21.4,,,,,,,,,,,,,
Everton vs Reading,loss%,,21.4,,,,,63.4,,,,,,,,,,,,,
Everton vs Reading,tie%,,15.2,,,,,15.2,,,,,,,,,,,,,
Everton vs Reading,avg_goles,,3.617,,,,,2.21,,,,,,,,,,,,,
Everton vs Reading,avg_tiros,,20.193,,,,,10.25,,,,,,,,,,,,,
Everton vs Reading,avg_pases,,326.371,,,,,208.726,,,,,,,,,,,,,
Everton vs Reading,avg_quites,,104.117,,,,,101.014,,,,,,,,,,,,,
Everton vs West Bromwich Albion,win%,,58.4,,,,,,27.800000000000004,,,,,,,,,,,,
Everton vs West Bromwich Albion,loss%,,27.800000000000004,,,,,,58.4,,,,,,,,,,,,
Everton vs West Bromwich Albion,tie%,,13.8,,,,,,13.8,,,,,,,,,,,,
Everton vs West Bromwich Albion,avg_goles,,3.802,,,,,,2.751,,,,,,,,,,,,
Everton vs West Bromwich Albion,avg_tiros,,20.176,,,,,,12.472,,,,,,,,,,,,
Everton vs West Bromwich Albion,avg_pases,,294.609,,,,,,247.95,,,,,,,,,,,,
Everton vs West Bromwich Albion,avg_quites,,107.994,,,,,,100.188,,,,,,,,,,,,
Everton vs West Ham United,win%,,51.0,,,,,,,32.800000000000004,,,,,,,,,,,
Everton vs West Ham United,loss%,,32.800000000000004,,,,,,,51.0,,,,,,,,,,,
Everton vs West Ham United,tie%,,16.2,,,,,,,16.2,,,,,,,,,,,
Everton vs West Ham United,avg_goles,,3.518,,,,,,,2.886,,,,,,,,,,,
Everton vs West Ham United,avg_tiros,,21.281,,,,,,,12.74,,,,,,,,,,,
Everton vs West Ham United,avg_pases,,280.869,,,,,,,236.578,,,,,,,,,,,
Everton vs West Ham United,avg_quites,,103.195,,,,,,,125.131,,,,,,,,,,,
Everton vs Wigan Athletic,win%,,50.0,,,,,,,,32.5,,,,,,,,,,
Everton vs Wigan Athletic,loss%,,32.5,,,,,,,,50.0,,,,,,,,,,
Everton vs Wigan Athletic,tie%,,17.5,,,,,,,,17.5,,,,,,,,,,
Everton vs Wigan Athletic,avg_goles,,2.827,,,,,,,,2.273,,,,,,,,,,
Everton vs Wigan Athletic,avg_tiros,,16.262,,,,,,,,14.747,,,,,,,,,,
Everton vs Wigan Athletic,avg_pases,,272.26,,,,,,,,316.751,,,,,,,,,,
Everton vs Wigan Athletic,avg_quites,,114.758,,,,,,,,78.621,,,,,,,,,,
Everton vs Aston Villa,win%,,65.0,,,,,,,,,21.0,,,,,,,,,
Everton vs Aston Villa,loss%,,21.0,,,,,,,,,65.0,,,,,,,,,
Everton vs Aston Villa,tie%,,14.000000000000002,,,,,,,,,14.000000000000002,,,,,,,,,
Everton vs Aston Villa,avg_goles,,3.932,,,,,,,,,2.394,,,,,,,,,
Everton vs Aston Villa,avg_tiros,,20.337,,,,,,,,,11.684,,,,,,,,,
Everton vs Aston Villa,avg_pases,,278.254,,,,,,,,,233.363,,,,,,,,,
Everton vs Aston Villa,avg_quites,,114.054,,,,,,,,,111.765,,,,,,,,,
Everton vs Chelsea,win%,,45.300000000000004,,,,,,,,,,39.2,,,,,,,,
Everton vs Chelsea,loss%,,39.2,,,,,,,,,,45.300000000000004,,,,,,,,
Everton vs Chelsea,tie%,,15.5,,,,,,,,,,15.5,,,,,,,,
Everton vs Chelsea,avg_goles,,3.466,,,,,,,,,,3.29,,,,,,,,
Everton vs Chelsea,avg_tiros,,18.429,,,,,,,,,,17.063,,,,,,,,
Everton vs Chelsea,avg_pases,,251.146,,,,,,,,,,319.026,,,,,,,,
Everton vs Chelsea,avg_quites,,106.487,,,,,,,,,,92.344,,,,,,,,
Everton vs Liverpool,win%,,65.10000000000001,,,,,,,,,,,22.400000000000002,,,,,,,
Everton vs Liverpool,loss%,,22.400000000000002,,,,,,,,,,,65.10000000000001,,,,,,,
Everton vs Liverpool,tie%,,12.5,,,,,,,,,,,12.5,,,,,,,
Everton vs Liverpool,avg_goles,,3.383,,,,,,,,,,,2.028,,,,,,,
Everton vs Liverpool,avg_tiros,,16.408,,,,,,,,,,,14.688,,,,,,,
Everton vs Liverpool,avg_pases,,242.807,,,,,,,,,,,338.152,,,,,,,
Everton vs Liverpool,avg_quites,,114.157,,,,,,,,,,,90.327,,,,,,,
Everton vs Manchester United,win%,,52.800000000000004,,,,,,,,,,,,29.299999999999997,,,,,,
Everton vs Manchester United,loss%,,29.299999999999997,,,,,,,,,,,,52.800000000000004,,,,,,
Everton vs Manchester United,tie%,,17.9,,,,,,,,,,,,17.9,,,,,,
Everton vs Manchester United,avg_goles,,3.413,,,,,,,,,,,,2.613,,,,,,
Everton vs Manchester United,avg_tiros,,17.246,,,,,,,,,,,,12.007,,,,,,
Everton vs Manchester United,avg_pases,,251.652,,,,,,,,,,,,334.332,,,,,,
Everton vs Manchester United,avg_quites,,108.978,,,,,,,,,,,,91.972,,,,,,
Everton vs Norwich City,win%,,59.699999999999996,,,,,,,,,,,,,25.900000000000002,,,,,
Everton vs Norwich City,loss%,,25.900000000000002,,,,,,,,,,,,,59.699999999999996,,,,,
Everton vs Norwich City,tie%,,14.399999999999999,,,,,,,,,,,,,14.399999999999999,,,,,
Everton vs Norwich City,avg_goles,,3.255,,,,,,,,,,,,,2.169,,,,,
Everton vs Norwich City,avg_tiros,,19.095,,,,,,,,,,,,,11.559,,,,,
Everton vs Norwich City,avg_pases,,304.731,,,,,,,,,,,,,219.231,,,,,
Everton vs Norwich City,avg_quites,,113.922,,,,,,,,,,,,,101.456,,,,,
Everton vs Southampton,win%,,99.3,,,,,,,,,,,,,,0.4,,,,
Everton vs Southampton,loss%,,0.4,,,,,,,,,,,,,,99.3,,,,
Everton vs Southampton,tie%,,0.3,,,,,,,,,,,,,,0.3,,,,
Everton vs Southampton,avg_goles,,12.319,,,,,,,,,,,,,,2.893,,,,
Everton vs Southampton,avg_tiros,,14.464,,,,,,,,,,,,,,15.493,,,,
Everton vs Southampton,avg_pases,,242.665,,,,,,,,,,,,,,312.527,,,,
Everton vs Southampton,avg_quites,,107.908,,,,,,,,,,,,,,111.302,,,,
Everton vs Stoke City,win%,,57.099999999999994,,,,,,,,,,,,,,,27.700000000000003,,,
Everton vs Stoke City,loss%,,27.700000000000003,,,,,,,,,,,,,,,57.099999999999994,,,
Everton vs Stoke City,tie%,,15.2,,,,,,,,,,,,,,,15.2,,,
Everton vs Stoke City,avg_goles,,3.029,,,,,,,,,,,,,,,2.211,,,
Everton vs Stoke City,avg_tiros,,18.52,,,,,,,,,,,,,,,8.952,,,
Everton vs Stoke City,avg_pases,,269.415,,,,,,,,,,,,,,,227.425,,,
Everton vs Stoke City,avg_quites,,112.637,,,,,,,,,,,,,,,129.342,,,
Everton vs Sunderland,win%,,68.30000000000001,,,,,,,,,,,,,,,,16.900000000000002,,
Everton vs Sunderland,loss%,,16.900000000000002,,,,,,,,,,,,,,,,68.30000000000001,,
Everton vs Sunderland,tie%,,14.799999999999999,,,,,,,,,,,,,,,,14.799999999999999,,
Everton vs Sunderland,avg_goles,,3.223,,,,,,,,,,,,,,,,1.72,,
Everton vs Sunderland,avg_tiros,,20.345,,,,,,,,,,,,,,,,10.392,,
Everton vs Sunderland,avg_pases,,292.26,,,,,,,,,,,,,,,,219.652,,
Everton vs Sunderland,avg_quites,,118.743,,,,,,,,,,,,,,,,107.212,,
Everton vs Swansea City,win%,,53.400000000000006,,,,,,,,,,,,,,,,,28.499999999999996,
Everton vs Swansea City,loss%,,28.499999999999996,,,,,,,,,,,,,,,,,53.400000000000006,
Everton vs Swansea City,tie%,,18.099999999999998,,,,,,,,,,,,,,,,,18.099999999999998,
Everton vs Swansea City,avg_goles,,2.979,,,,,,,,,,,,,,,,,2.217,
Everton vs Swansea City,avg_tiros,,15.891,,,,,,,,,,,,,,,,,13.009,
Everton vs Swansea City,avg_pases,,253.286,,,,,,,,,,,,,,,,,345.185,
Everton vs Swansea City,avg_quites,,107.708,,,,,,,,,,,,,,,,,88.275,
Everton vs Tottenham Hotspur,win%,,41.199999999999996,,,,,,,,,,,,,,,,,,40.9
Everton vs Tottenham Hotspur,loss%,,40.9,,,,,,,,,,,,,,,,,,41.199999999999996
Everton vs Tottenham Hotspur,tie%,,17.9,,,,,,,,,,,,,,,,,,17.9
Everton vs Tottenham Hotspur,avg_goles,,2.739,,,,,,,,,,,,,,,,,,2.723
Everton vs Tottenham Hotspur,avg_tiros,,16.548,,,,,,,,,,,,,,,,,,17.994
Everton vs Tottenham Hotspur,avg_pases,,286.187,,,,,,,,,,,,,,,,,,256.425
Everton vs Tottenham Hotspur,avg_quites,,109.611,,,,,,,,,,,,,,,,,,94.181
Fulham vs Manchester City,win%,,,19.6,68.7,,,,,,,,,,,,,,,,
Fulham vs Manchester City,loss%,,,68.7,19.6,,,,,,,,,,,,,,,,
Fulham vs Manchester City,tie%,,,11.700000000000001,11.700000000000001,,,,,,,,,,,,,,,,
Fulham vs Manchester City,avg_goles,,,2.636,4.445,,,,,,,,,,,,,,,,
Fulham vs Manchester City,avg_tiros,,,12.992,20.414,,,,,,,,,,,,,,,,
Fulham vs Manchester City,avg_pases,,,290.922,310.444,,,,,,,,,,,,,,,,
Fulham vs Manchester City,avg_quites,,,98.721,86.969,,,,,,,,,,,,,,,,
Fulham vs Newcastle United,win%,,,71.1,,15.299999999999999,,,,,,,,,,,,,,,
Fulham vs Newcastle United,loss%,,,15.299999999999999,,71.1,,,,,,,,,,,,,,,
Fulham vs Newcastle United,tie%,,,13.600000000000001,,13.600000000000001,,,,,,,,,,,,,,,
Fulham vs Newcastle United,avg_goles,,,3.239,,1.493,,,,,,,,,,,,,,,
Fulham vs Newcastle United,avg_tiros,,,14.215,,10.619,,,,,,,,,,,,,,,
Fulham vs Newcastle United,avg_pases,,,280.205,,251.192,,,,,,,,,,,,,,,
Fulham vs Newcastle United,avg_quites,,,111.827,,112.045,,,,,,,,,,,,,,,
Fulham vs Queens Park Rangers,win%,,,65.8,,,16.400000000000002,,,,,,,,,,,,,,
Fulham vs Queens Park Rangers,loss%,,,16.400000000000002,,,65.8,,,,,,,,,,,,,,
Fulham vs Queens Park Rangers,tie%,,,17.8,,,17.8,,,,,,,,,,,,,,
Fulham vs Queens Park Rangers,avg_goles,,,2.825,,,1.413,,,,,,,,,,,,,,
Fulham vs Queens Park Rangers,avg_tiros,,,12.763,,,11.246,,,,,,,,,,,,,,
Fulham vs Queens Park Rangers,avg_pases,,,274.811,,,233.653,,,,,,,,,,,,,,
Fulham vs Queens Park Rangers,avg_quites,,,102.242,,,133.13,,,,,,,,,,,,,,
Fulham vs Reading,win%,,,43.9,,,,39.900000000000006,,,,,,,,,,,,,
Fulham vs Reading,loss%,,,39.900000000000006,,,,43.9,,,,,,,,,,,,,
Fulham vs Reading,tie%,,,16.2,,,,16.2,,,,,,,,,,,,,
Fulham vs Reading,avg_goles,,,3.311,,,,3.212,,,,,,,,,,,,,
Fulham vs Reading,avg_tiros,,,14.051,,,,13.137,,,,,,,,,,,,,
Fulham vs Reading,avg_pases,,,335.867,,,,197.771,,,,,,,,,,,,,
Fulham vs Reading,avg_quites,,,103.125,,,,108.299,,,,,,,,,,,,,
Fulham vs West Bromwich Albion,win%,,,34.1,,,,,52.400000000000006,,,,,,,,,,,,
Fulham vs West Bromwich Albion,loss%,,,52.400000000000006,,,,,34.1,,,,,,,,,,,,
Fulham vs West Bromwich Albion,tie%,,,13.5,,,,,13.5,,,,,,,,,,,,
Fulham vs West Bromwich Albion,avg_goles,,,3.582,,,,,4.325,,,,,,,,,,,,
Fulham vs West Bromwich Albion,avg_tiros,,,14.108,,,,,15.754,,,,,,,,,,,,
Fulham vs West Bromwich Albion,avg_pases,,,309.973,,,,,233.309,,,,,,,,,,,,
Fulham vs West Bromwich Albion,avg_quites,,,104.235,,,,,110.377,,,,,,,,,,,,
Fulham vs West Ham United,win%,,,29.7,,,,,,56.10000000000001,,,,,,,,,,,
Fulham vs West Ham United,loss%,,,56.10000000000001,,,,,,29.7,,,,,,,,,,,
Fulham vs West Ham United,tie%,,,14.2,,,,,,14.2,,,,,,,,,,,
Fulham vs West Ham United,avg_goles,,,3.031,,,,,,3.922,,,,,,,,,,,
Fulham vs West Ham United,avg_tiros,,,14.965,,,,,,14.742,,,,,,,,,,,
Fulham vs West Ham United,avg_pases,,,284.967,,,,,,227.218,,,,,,,,,,,
Fulham vs West Ham United,avg_quites,,,99.488,,,,,,136.923,,,,,,,,,,,
Fulham vs Wigan Athletic,win%,,,24.099999999999998,,,,,,,62.1,,,,,,,,,,
Fulham vs Wigan Athletic,loss%,,,62.1,,,,,,,24.099999999999998,,,,,,,,,,
Fulham vs Wigan Athletic,tie%,,,13.8,,,,,,,13.8,,,,,,,,,,
Fulham vs Wigan Athletic,avg_goles,,,2.723,,,,,,,3.902,,,,,,,,,,
Fulham vs Wigan Athletic,avg_tiros,,,11.396,,,,,,,17.271,,,,,,,,,,
Fulham vs Wigan Athletic,avg_pases,,,293.721,,,,,,,297.962,,,,,,,,,,
Fulham vs Wigan Athletic,avg_quites,,,110.208,,,,,,,86.452,,,,,,,,,,
Fulham vs Aston Villa,win%,,,44.6,,,,,,,,41.6,,,,,,,,,
Fulham vs Aston Villa,loss%,,,41.6,,,,,,,,44.6,,,,,,,,,
Fulham vs Aston Villa,tie%,,,13.8,,,,,,,,13.8,,,,,,,,,
Fulham vs Aston Villa,avg_goles,,,3.69,,,,,,,,3.577,,,,,,,,,
Fulham vs Aston Villa,avg_tiros,,,14.563,,,,,,,,14.077,,,,,,,,,
Fulham vs Aston Villa,avg_pases,,,293.596,,,,,,,,221.959,,,,,,,,,
Fulham vs Aston Villa,avg_quites,,,109.182,,,,,,,,121.085,,,,,,,,,
Fulham vs Chelsea,win%,,,26.200000000000003,,,,,,,,,58.599999999999994,,,,,,,,
Fulham vs Chelsea,loss%,,,58.599999999999994,,,,,,,,,26.200000000000003,,,,,,,,
Fulham vs Chelsea,tie%,,,15.2,,,,,,,,,15.2,,,,,,,,
Fulham vs Chelsea,avg_goles,,,3.01,,,,,,,,,4.127,,,,,,,,
Fulham vs Chelsea,avg_tiros,,,12.793,,,,,,,,,17.992,,,,,,,,
Fulham vs Chelsea,avg_pases,,,266.388,,,,,,,,,301.611,,,,,,,,
Fulham vs Chelsea,avg_quites,,,106.866,,,,,,,,,99.99,,,,,,,,
Fulham vs Liverpool,win%,,,41.199999999999996,,,,,,,,,,43.4,,,,,,,
Fulham vs Liverpool,loss%,,,43.4,,,,,,,,,,41.199999999999996,,,,,,,
Fulham vs Liverpool,tie%,,,15.4,,,,,,,,,,15.4,,,,,,,
Fulham vs Liverpool,avg_goles,,,3.271,,,,,,,,,,3.326,,,,,,,
Fulham vs Liverpool,avg_tiros,,,11.843,,,,,,,,,,17.257,,,,,,,
Fulham vs Liverpool,avg_pases,,,260.735,,,,,,,,,,323.393,,,,,,,
Fulham vs Liverpool,avg_quites,,,109.517,,,,,,,,,,99.455,,,,,,,
Fulham vs Manchester United,win%,,,33.1,,,,,,,,,,,50.9,,,,,,
Fulham vs Manchester United,loss%,,,50.9,,,,,,,,,,,33.1,,,,,,
Fulham vs Manchester United,tie%,,,16.0,,,,,,,,,,,16.0,,,,,,
Fulham vs Manchester United,avg_goles,,,3.329,,,,,,,,,,,3.941,,,,,,
Fulham vs Manchester United,avg_tiros,,,11.855,,,,,,,,,,,14.532,,,,,,
Fulham vs Manchester United,avg_pases,,,264.026,,,,,,,,,,,318.978,,,,,,
Fulham vs Manchester United,avg_quites,,,103.565,,,,,,,,,,,102.921,,,,,,
Fulham vs Norwich City,win%,,,33.900000000000006,,,,,,,,,,,,51.4,,,,,
Fulham vs Norwich City,loss%,,,51.4,,,,,,,,,,,,33.900000000000006,,,,,
Fulham vs Norwich City,tie%,,,14.7,,,,,,,,,,,,14.7,,,,,
Fulham vs Norwich City,avg_goles,,,2.896,,,,,,,,,,,,3.36,,,,,
Fulham vs Norwich City,avg_tiros,,,13.395,,,,,,,,,,,,13.196,,,,,
Fulham vs Norwich City,avg_pases,,,319.867,,,,,,,,,,,,209.647,,,,,
Fulham vs Norwich City,avg_quites,,,112.304,,,,,,,,,,,,108.917,,,,,
Fulham vs Southampton,win%,,,89.0,,,,,,,,,,,,,5.3,,,,
Fulham vs Southampton,loss%,,,5.3,,,,,,,,,,,,,89.0,,,,
Fulham vs Southampton,tie%,,,5.7,,,,,,,,,,,,,5.7,,,,
Fulham vs Southampton,avg_goles,,,8.322,,,,,,,,,,,,,3.662,,,,
Fulham vs Southampton,avg_tiros,,,10.22,,,,,,,,,,,,,16.737,,,,
Fulham vs Southampton,avg_pases,,,259.12,,,,,,,,,,,,,294.318,,,,
Fulham vs Southampton,avg_quites,,,102.74,,,,,,,,,,,,,121.531,,,,
Fulham vs Stoke City,win%,,,32.0,,,,,,,,,,,,,,50.4,,,
Fulham vs Stoke City,loss%,,,50.4,,,,,,,,,,,,,,32.0,,,
Fulham vs Stoke City,tie%,,,17.599999999999998,,,,,,,,,,,,,,17.599999999999998,,,
Fulham vs Stoke City,avg_goles,,,2.941,,,,,,,,,,,,,,3.477,,,
Fulham vs Stoke City,avg_tiros,,,13.62,,,,,,,,,,,,,,11.504,,,
Fulham vs Stoke City,avg_pases,,,278.479,,,,,,,,,,,,,,218.321,,,
Fulham vs Stoke City,avg_quites,,,109.122,,,,,,,,,,,,,,139.472,,,
Fulham vs Sunderland,win%,,,47.099999999999994,,,,,,,,,,,,,,,34.1,,
Fulham vs Sunderland,loss%,,,34.1,,,,,,,,,,,,,,,47.099999999999994,,
Fulham vs Sunderland,tie%,,,18.8,,,,,,,,,,,,,,,18.8,,
Fulham vs Sunderland,avg_goles,,,2.96,,,,,,,,,,,,,,,2.514,,
Fulham vs Sunderland,avg_tiros,,,14.58,,,,,,,,,,,,,,,12.599,,
Fulham vs Sunderland,avg_pases,,,301.966,,,,,,,,,,,,,,,207.064,,
Fulham vs Sunderland,avg_quites,,,114.877,,,,,,,,,,,,,,,118.908,,
Fulham vs Swansea City,win%,,,40.9,,,,,,,,,,,,,,,,41.6,
Fulham vs Swansea City,loss%,,,41.6,,,,,,,,,,,,,,,,40.9,
Fulham vs Swansea City,tie%,,,17.5,,,,,,,,,,,,,,,,17.5,
Fulham vs Swansea City,avg_goles,,,3.06,,,,,,,,,,,,,,,,3.066,
Fulham vs Swansea City,avg_tiros,,,11.439,,,,,,,,,,,,,,,,14.984,
Fulham vs Swansea City,avg_pases,,,266.911,,,,,,,,,,,,,,,,332.518,
Fulham vs Swansea City,avg_quites,,,107.436,,,,,,,,,,,,,,,,93.958,
Fulham vs Tottenham Hotspur,win%,,,22.8,,,,,,,,,,,,,,,,,64.3
Fulham vs Tottenham Hotspur,loss%,,,64.3,,,,,,,,,,,,,,,,,22.8
Fulham vs Tottenham Hotspur,tie%,,,12.9,,,,,,,,,,,,,,,,,12.9
Fulham vs Tottenham Hotspur,avg_goles,,,2.596,,,,,,,,,,,,,,,,,4.022
Fulham vs Tottenham Hotspur,avg_tiros,,,12.148,,,,,,,,,,,,,,,,,20.268
Fulham vs Tottenham Hotspur,avg_pases,,,304.814,,,,,,,,,,,,,,,,,246.603
Fulham vs Tottenham Hotspur,avg_quites,,,103.57,,,,,,,,,,,,,,,,,103.003
Manchester City vs Newcastle United,win%,,,,88.1,3.4000000000000004,,,,,,,,,,,,,,,
Manchester City vs Newcastle United,loss%,,,,3.4000000000000004,88.1,,,,,,,,,,,,,,,
Manchester City vs Newcastle United,tie%,,,,8.5,8.5,,,,,,,,,,,,,,,
Manchester City vs Newcastle United,avg_goles,,,,3.757,0.719,,,,,,,,,,,,,,,
Manchester City vs Newcastle United,avg_tiros,,,,19.21,8.343,,,,,,,,,,,,,,,
Manchester City vs Newcastle United,avg_pases,,,,327.621,258.816,,,,,,,,,,,,,,,
Manchester City vs Newcastle United,avg_quites,,,,88.629,102.646,,,,,,,,,,,,,,,
Manchester City vs Queens Park Rangers,win%,,,,86.5,,4.6,,,,,,,,,,,,,,
Manchester City vs Queens Park Rangers,loss%,,,,4.6,,86.5,,,,,,,,,,,,,,
Manchester City vs Queens Park Rangers,tie%,,,,8.9,,8.9,,,,,,,,,,,,,,
Manchester City vs Queens Park Rangers,avg_goles,,,,3.282,,0.665,,,,,,,,,,,,,,
Manchester City vs Queens Park Rangers,avg_tiros,,,,18.331,,9.456,,,,,,,,,,,,,,
Manchester City vs Queens Park Rangers,avg_pases,,,,315.947,,244.547,,,,,,,,,,,,,,
Manchester City vs Queens Park Rangers,avg_quites,,,,79.179,,123.911,,,,,,,,,,,,,,
Manchester City vs Reading,win%,,,,68.30000000000001,,,18.7,,,,,,,,,,,,,
Manchester City vs Reading,loss%,,,,18.7,,,68.30000000000001,,,,,,,,,,,,,
Manchester City vs Reading,tie%,,,,13.0,,,13.0,,,,,,,,,,,,,
Manchester City vs Reading,avg_goles,,,,3.69,,,2.103,,,,,,,,,,,,,
Manchester City vs Reading,avg_tiros,,,,19.283,,,9.981,,,,,,,,,,,,,
Manchester City vs Reading,avg_pases,,,,386.196,,,202.627,,,,,,,,,,,,,
Manchester City vs Reading,avg_quites,,,,80.247,,,100.318,,,,,,,,,,,,,
Manchester City vs West Bromwich Albion,win%,,,,60.699999999999996,,,,25.0,,,,,,,,,,,,
Manchester City vs West Bromwich Albion,loss%,,,,25.0,,,,60.699999999999996,,,,,,,,,,,,
Manchester City vs West Bromwich Albion,tie%,,,,14.299999999999999,,,,14.299999999999999,,,,,,,,,,,,
Manchester City vs West Bromwich Albion,avg_goles,,,,3.726,,,,2.593,,,,,,,,,,,,
Manchester City vs West Bromwich Albion,avg_tiros,,,,19.325,,,,12.158,,,,,,,,,,,,
Manchester City vs West Bromwich Albion,avg_pases,,,,356.573,,,,243.316,,,,,,,,,,,,
Manchester City vs West Bromwich Albion,avg_quites,,,,81.669,,,,99.438,,,,,,,,,,,,
Manchester City vs West Ham United,win%,,,,59.4,,,,,25.6,,,,,,,,,,,
Manchester City vs West Ham United,loss%,,,,25.6,,,,,59.4,,,,,,,,,,,
Manchester City vs West Ham United,tie%,,,,15.0,,,,,15.0,,,,,,,,,,,
Manchester City vs West Ham United,avg_goles,,,,3.644,,,,,2.632,,,,,,,,,,,
Manchester City vs West Ham United,avg_tiros,,,,20.756,,,,,12.331,,,,,,,,,,,
Manchester City vs West Ham United,avg_pases,,,,331.446,,,,,234.952,,,,,,,,,,,
Manchester City vs West Ham United,avg_quites,,,,78.654,,,,,123.76,,,,,,,,,,,
Manchester City vs Wigan Athletic,win%,,,,57.99999999999999,,,,,,25.5,,,,,,,,,,
Manchester City vs Wigan Athletic,loss%,,,,25.5,,,,,,57.99999999999999,,,,,,,,,,
Manchester City vs Wigan Athletic,tie%,,,,16.5,,,,,,16.5,,,,,,,,,,
Manchester City vs Wigan Athletic,avg_goles,,,,3.116,,,,,,2.11,,,,,,,,,,
Manchester City vs Wigan Athletic,avg_tiros,,,,15.465,,,,,,14.224,,,,,,,,,,
Manchester City vs Wigan Athletic,avg_pases,,,,330.326,,,,,,315.458,,,,,,,,,,
Manchester City vs Wigan Athletic,avg_quites,,,,87.081,,,,,,78.683,,,,,,,,,,
Manchester City vs Aston Villa,win%,,,,70.39999999999999,,,,,,,16.7,,,,,,,,,
Manchester City vs Aston Villa,loss%,,,,16.7,,,,,,,70.39999999999999,,,,,,,,,
Manchester City vs Aston Villa,tie%,,,,12.9,,,,,,,12.9,,,,,,,,,
Manchester City vs Aston Villa,avg_goles,,,,4.19,,,,,,,2.229,,,,,,,,,
Manchester City vs Aston Villa,avg_tiros,,,,19.999,,,,,,,11.167,,,,,,,,,
Manchester City vs Aston Villa,avg_pases,,,,336.651,,,,,,,234.563,,,,,,,,,
Manchester City vs Aston Villa,avg_quites,,,,86.1,,,,,,,108.938,,,,,,,,,
Manchester City vs Chelsea,win%,,,,51.6,,,,,,,,33.1,,,,,,,,
Manchester City vs Chelsea,loss%,,,,33.1,,,,,,,,51.6,,,,,,,,
Manchester City vs Chelsea,tie%,,,,15.299999999999999,,,,,,,,15.299999999999999,,,,,,,,
Manchester City vs Chelsea,avg_goles,,,,3.638,,,,,,,,3.04,,,,,,,,
Manchester City vs Chelsea,avg_tiros,,,,18.087,,,,,,,,16.254,,,,,,,,
Manchester City vs Chelsea,avg_pases,,,,299.472,,,,,,,,319.269,,,,,,,,
Manchester City vs Chelsea,avg_quites,,,,81.958,,,,,,,,93.339,,,,,,,,
Manchester City vs Liverpool,win%,,,,70.5,,,,,,,,,15.8,,,,,,,
Manchester City vs Liverpool,loss%,,,,15.8,,,,,,,,,70.5,,,,,,,
Manchester City vs Liverpool,tie%,,,,13.700000000000001,,,,,,,,,13.700000000000001,,,,,,,
Manchester City vs Liverpool,avg_goles,,,,3.48,,,,,,,,,1.816,,,,,,,
Manchester City vs Liverpool,avg_tiros,,,,15.489,,,,,,,,,14.358,,,,,,,
Manchester City vs Liverpool,avg_pases,,,,289.46,,,,,,,,,343.795,,,,,,,
Manchester City vs Liverpool,avg_quites,,,,86.999,,,,,,,,,90.054,,,,,,,
Manchester City vs Manchester United,win%,,,,59.5,,,,,,,,,,24.0,,,,,,
Manchester City vs Manchester United,loss%,,,,24.0,,,,,,,,,,59.5,,,,,,
Manchester City vs Manchester United,tie%,,,,16.5,,,,,,,,,,16.5,,,,,,
Manchester City vs Manchester United,avg_goles,,,,3.57,,,,,,,,,,2.487,,,,,,
Manchester City vs Manchester United,avg_tiros,,,,16.38,,,,,,,,,,11.885,,,,,,
Manchester City vs Manchester United,avg_pases,,,,302.297,,,,,,,,,,338.162,,,,,,
Manchester City vs Manchester United,avg_quites,,,,82.686,,,,,,,,,,92.254,,,,,,
Manchester City vs Norwich City,win%,,,,66.60000000000001,,,,,,,,,,,18.3,,,,,
Manchester City vs Norwich City,loss%,,,,18.3,,,,,,,,,,,66.60000000000001,,,,,
Manchester City vs Norwich City,tie%,,,,15.1,,,,,,,,,,,15.1,,,,,
Manchester City vs Norwich City,avg_goles,,,,3.339,,,,,,,,,,,1.817,,,,,
Manchester City vs Norwich City,avg_tiros,,,,18.736,,,,,,,,,,,10.756,,,,,
Manchester City vs Norwich City,avg_pases,,,,362.353,,,,,,,,,,,218.707,,,,,
Manchester City vs Norwich City,avg_quites,,,,86.458,,,,,,,,,,,101.467,,,,,
Manchester City vs Southampton,win%,,,,99.4,,,,,,,,,,,,0.2,,,,
Manchester City vs Southampton,loss%,,,,0.2,,,,,,,,,,,,99.4,,,,
Manchester City vs Southampton,tie%,,,,0.4,,,,,,,,,,,,0.4,,,,
Manchester City vs Southampton,avg_goles,,,,12.538,,,,,,,,,,,,2.724,,,,
Manchester City vs Southampton,avg_tiros,,,,14.39,,,,,,,,,,,,15.164,,,,
Manchester City vs Southampton,avg_pases,,,,294.392,,,,,,,,,,,,311.988,,,,
Manchester City vs Southampton,avg_quites,,,,82.994,,,,,,,,,,,,112.868,,,,
Manchester City vs Stoke City,win%,,,,58.599999999999994,,,,,,,,,,,,,24.8,,,
Manchester City vs Stoke City,loss%,,,,24.8,,,,,,,,,,,,,58.599999999999994,,,
Manchester City vs Stoke City,tie%,,,,16.6,,,,,,,,,,,,,16.6,,,
Manchester City vs Stoke City,avg_goles,,,,3.011,,,,,,,,,,,,,2.039,,,
Manchester City vs Stoke City,avg_tiros,,,,18.232,,,,,,,,,,,,,8.794,,,
Manchester City vs Stoke City,avg_pases,,,,322.923,,,,,,,,,,,,,228.63,,,
Manchester City vs Stoke City,avg_quites,,,,89.306,,,,,,,,,,,,,129.682,,,
Manchester City vs Sunderland,win%,,,,69.5,,,,,,,,,,,,,,16.3,,
Manchester City vs Sunderland,loss%,,,,16.3,,,,,,,,,,,,,,69.5,,
Manchester City vs Sunderland,tie%,,,,14.2,,,,,,,,,,,,,,14.2,,
Manchester City vs Sunderland,avg_goles,,,,3.314,,,,,,,,,,,,,,1.704,,
Manchester City vs Sunderland,avg_tiros,,,,19.139,,,,,,,,,,,,,,10.092,,
Manchester City vs Sunderland,avg_pases,,,,349.313,,,,,,,,,,,,,,219.477,,
Manchester City vs Sunderland,avg_quites,,,,88.448,,,,,,,,,,,,,,109.328,,
Manchester City vs Swansea City,win%,,,,54.50000000000001,,,,,,,,,,,,,,,27.400000000000002,
Manchester City vs Swansea City,loss%,,,,27.400000000000002,,,,,,,,,,,,,,,54.50000000000001,
Manchester City vs Swansea City,tie%,,,,18.099999999999998,,,,,,,,,,,,,,,18.099999999999998,
Manchester City vs Swansea City,avg_goles,,,,3.087,,,,,,,,,,,,,,,2.286,
Manchester City vs Swansea City,avg_tiros,,,,15.385,,,,,,,,,,,,,,,13.082,
Manchester City vs Swansea City,avg_pases,,,,304.763,,,,,,,,,,,,,,,346.226,
Manchester City vs Swansea City,avg_quites,,,,82.013,,,,,,,,,,,,,,,89.08,
Manchester City vs Tottenham Hotspur,win%,,,,47.599999999999994,,,,,,,,,,,,,,,,37.1
Manchester City vs Tottenham Hotspur,loss%,,,,37.1,,,,,,,,,,,,,,,,47.599999999999994
Manchester City vs Tottenham Hotspur,tie%,,,,15.299999999999999,,,,,,,,,,,,,,,,15.299999999999999
Manchester City vs Tottenham Hotspur,avg_goles,,,,2.998,,,,,,,,,,,,,,,,2.658
Manchester City vs Tottenham Hotspur,avg_tiros,,,,16.766,,,,,,,,,,,,,,,,17.663
Manchester City vs Tottenham Hotspur,avg_pases,,,,340.78,,,,,,,,,,,,,,,,256.243
Manchester City vs Tottenham Hotspur,avg_quites,,,,82.825,,,,,,,,,,,,,,,,96.63
Newcastle United vs Queens Park Rangers,win%,,,,,31.2,39.6,,,,,,,,,,,,,,
Newcastle United vs Queens Park Rangers,loss%,,,,,39.6,31.2,,,,,,,,,,,,,,
Newcastle United vs Queens Park Rangers,tie%,,,,,29.2,29.2,,,,,,,,,,,,,,
Newcastle United vs Queens Park Rangers,avg_goles,,,,,0.912,1.047,,,,,,,,,,,,,,
Newcastle United vs Queens Park Rangers,avg_tiros,,,,,9.062,10.862,,,,,,,,,,,,,,
Newcastle United vs Queens Park Rangers,avg_pases,,,,,246.312,240.584,,,,,,,,,,,,,,
Newcastle United vs Queens Park Rangers,avg_quites,,,,,103.126,135.416,,,,,,,,,,,,,,
Newcastle United vs Reading,win%,,,,,13.100000000000001,,72.39999999999999,,,,,,,,,,,,,
Newcastle United vs Reading,loss%,,,,,72.39999999999999,,13.100000000000001,,,,,,,,,,,,,
Newcastle United vs Reading,tie%,,,,,14.499999999999998,,14.499999999999998,,,,,,,,,,,,,
Newcastle United vs Reading,avg_goles,,,,,1.053,,2.618,,,,,,,,,,,,,
Newcastle United vs Reading,avg_tiros,,,,,9.507,,11.959,,,,,,,,,,,,,
Newcastle United vs Reading,avg_pases,,,,,301.144,,203.765,,,,,,,,,,,,,
Newcastle United vs Reading,avg_quites,,,,,107.777,,108.7,,,,,,,,,,,,,
Newcastle United vs West Bromwich Albion,win%,,,,,11.1,,,78.3,,,,,,,,,,,,
Newcastle United vs West Bromwich Albion,loss%,,,,,78.3,,,11.1,,,,,,,,,,,,
Newcastle United vs West Bromwich Albion,tie%,,,,,10.6,,,10.6,,,,,,,,,,,,
Newcastle United vs West Bromwich Albion,avg_goles,,,,,1.207,,,3.301,,,,,,,,,,,,
Newcastle United vs West Bromwich Albion,avg_tiros,,,,,9.659,,,14.534,,,,,,,,,,,,
Newcastle United vs West Bromwich Albion,avg_pases,,,,,279.967,,,244.055,,,,,,,,,,,,
Newcastle United vs West Bromwich Albion,avg_quites,,,,,107.971,,,111.717,,,,,,,,,,,,
Newcastle United vs West Ham United,win%,,,,,7.3,,,,81.8,,,,,,,,,,,
Newcastle United vs West Ham United,loss%,,,,,81.8,,,,7.3,,,,,,,,,,,
Newcastle United vs West Ham United,tie%,,,,,10.9,,,,10.9,,,,,,,,,,,
Newcastle United vs West Ham United,avg_goles,,,,,1.056,,,,3.537,,,,,,,,,,,
Newcastle United vs West Ham United,avg_tiros,,,,,10.357,,,,14.381,,,,,,,,,,,
Newcastle United vs West Ham United,avg_pases,,,,,255.134,,,,231.096,,,,,,,,,,,
Newcastle United vs West Ham United,avg_quites,,,,,104.185,,,,140.167,,,,,,,,,,,
Newcastle United vs Wigan Athletic,win%,,,,,9.4,,,,,76.0,,,,,,,,,,
Newcastle United vs Wigan Athletic,loss%,,,,,76.0,,,,,9.4,,,,,,,,,,
Newcastle United vs Wigan Athletic,tie%,,,,,14.6,,,,,14.6,,,,,,,,,,
Newcastle United vs Wigan Athletic,avg_goles,,,,,0.985,,,,,2.891,,,,,,,,,,
Newcastle United vs Wigan Athletic,avg_tiros,,,,,7.535,,,,,16.279,,,,,,,,,,
Newcastle United vs Wigan Athletic,avg_pases,,,,,267.705,,,,,315.864,,,,,,,,,,
Newcastle United vs Wigan Athletic,avg_quites,,,,,113.247,,,,,85.219,,,,,,,,,,
Newcastle United vs Aston Villa,win%,,,,,16.1,,,,,,69.19999999999999,,,,,,,,,
Newcastle United vs Aston Villa,loss%,,,,,69.19999999999999,,,,,,16.1,,,,,,,,,
Newcastle United vs Aston Villa,tie%,,,,,14.7,,,,,,14.7,,,,,,,,,
Newcastle United vs Aston Villa,avg_goles,,,,,1.343,,,,,,2.945,,,,,,,,,
Newcastle United vs Aston Villa,avg_tiros,,,,,10.592,,,,,,12.73,,,,,,,,,
Newcastle United vs Aston Villa,avg_pases,,,,,258.942,,,,,,234.03,,,,,,,,,
Newcastle United vs Aston Villa,avg_quites,,,,,109.254,,,,,,126.599,,,,,,,,,
Newcastle United vs Chelsea,win%,,,,,6.4,,,,,,,84.1,,,,,,,,
Newcastle United vs Chelsea,loss%,,,,,84.1,,,,,,,6.4,,,,,,,,
Newcastle United vs Chelsea,tie%,,,,,9.5,,,,,,,9.5,,,,,,,,
Newcastle United vs Chelsea,avg_goles,,,,,1.143,,,,,,,3.841,,,,,,,,
Newcastle United vs Chelsea,avg_tiros,,,,,8.711,,,,,,,17.899,,,,,,,,
Newcastle United vs Chelsea,avg_pases,,,,,242.298,,,,,,,312.043,,,,,,,,
Newcastle United vs Chelsea,avg_quites,,,,,105.634,,,,,,,101.578,,,,,,,,
Newcastle United vs Liverpool,win%,,,,,17.299999999999997,,,,,,,,62.9,,,,,,,
Newcastle United vs Liverpool,loss%,,,,,62.9,,,,,,,,17.299999999999997,,,,,,,
Newcastle United vs Liverpool,tie%,,,,,19.8,,,,,,,,19.8,,,,,,,
Newcastle United vs Liverpool,avg_goles,,,,,1.328,,,,,,,,2.541,,,,,,,
Newcastle United vs Liverpool,avg_tiros,,,,,8.052,,,,,,,,16.179,,,,,,,
Newcastle United vs Liverpool,avg_pases,,,,,242.427,,,,,,,,332.325,,,,,,,
Newcastle United vs Liverpool,avg_quites,,,,,108.602,,,,,,,,96.593,,,,,,,
Newcastle United vs Manchester United,win%,,,,,10.7,,,,,,,,,75.1,,,,,,
Newcastle United vs Manchester United,loss%,,,,,75.1,,,,,,,,,10.7,,,,,,
Newcastle United vs Manchester United,tie%,,,,,14.2,,,,,,,,,14.2,,,,,,
Newcastle United vs Manchester United,avg_goles,,,,,1.189,,,,,,,,,3.029,,,,,,
Newcastle United vs Manchester United,avg_tiros,,,,,8.026,,,,,,,,,13.507,,,,,,
Newcastle United vs Manchester United,avg_pases,,,,,246.994,,,,,,,,,325.722,,,,,,
Newcastle United vs Manchester United,avg_quites,,,,,104.73,,,,,,,,,101.221,,,,,,
Newcastle United vs Norwich City,win%,,,,,14.899999999999999,,,,,,,,,,66.4,,,,,
Newcastle United vs Norwich City,loss%,,,,,66.4,,,,,,,,,,14.899999999999999,,,,,
Newcastle United vs Norwich City,tie%,,,,,18.7,,,,,,,,,,18.7,,,,,
Newcastle United vs Norwich City,avg_goles,,,,,1.049,,,,,,,,,,2.344,,,,,
Newcastle United vs Norwich City,avg_tiros,,,,,8.907,,,,,,,,,,12.561,,,,,
Newcastle United vs Norwich City,avg_pases,,,,,285.121,,,,,,,,,,218.896,,,,,
Newcastle United vs Norwich City,avg_quites,,,,,116.95,,,,,,,,,,108.163,,,,,
Newcastle United vs Southampton,win%,,,,,74.4,,,,,,,,,,,16.3,,,,
Newcastle United vs Southampton,loss%,,,,,16.3,,,,,,,,,,,74.4,,,,
Newcastle United vs Southampton,tie%,,,,,9.3,,,,,,,,,,,9.3,,,,
Newcastle United vs Southampton,avg_goles,,,,,5.28,,,,,,,,,,,2.965,,,,
Newcastle United vs Southampton,avg_tiros,,,,,7.21,,,,,,,,,,,16.042,,,,
Newcastle United vs Southampton,avg_pases,,,,,241.346,,,,,,,,,,,301.034,,,,
Newcastle United vs Southampton,avg_quites,,,,,104.821,,,,,,,,,,,123.82,,,,
Newcastle United vs Stoke City,win%,,,,,12.3,,,,,,,,,,,,71.0,,,
Newcastle United vs Stoke City,loss%,,,,,71.0,,,,,,,,,,,,12.3,,,
Newcastle United vs Stoke City,tie%,,,,,16.7,,,,,,,,,,,,16.7,,,
Newcastle United vs Stoke City,avg_goles,,,,,0.942,,,,,,,,,,,,2.479,,,
Newcastle United vs Stoke City,avg_tiros,,,,,9.447,,,,,,,,,,,,10.592,,,
Newcastle United vs Stoke City,avg_pases,,,,,245.975,,,,,,,,,,,,225.419,,,
Newcastle United vs Stoke City,avg_quites,,,,,116.532,,,,,,,,,,,,143.203,,,
Newcastle United vs Sunderland,win%,,,,,17.4,,,,,,,,,,,,,62.6,,
Newcastle United vs Sunderland,loss%,,,,,62.6,,,,,,,,,,,,,17.4,,
Newcastle United vs Sunderland,tie%,,,,,20.0,,,,,,,,,,,,,20.0,,
Newcastle United vs Sunderland,avg_goles,,,,,0.99,,,,,,,,,,,,,2.093,,
Newcastle United vs Sunderland,avg_tiros,,,,,9.755,,,,,,,,,,,,,11.986,,
Newcastle United vs Sunderland,avg_pases,,,,,272.896,,,,,,,,,,,,,219.336,,
Newcastle United vs Sunderland,avg_quites,,,,,115.429,,,,,,,,,,,,,120.531,,
Newcastle United vs Swansea City,win%,,,,,12.9,,,,,,,,,,,,,,71.8,
Newcastle United vs Swansea City,loss%,,,,,71.8,,,,,,,,,,,,,,12.9,
Newcastle United vs Swansea City,tie%,,,,,15.299999999999999,,,,,,,,,,,,,,15.299999999999999,
Newcastle United vs Swansea City,avg_goles,,,,,0.91,,,,,,,,,,,,,,2.516,
Newcastle United vs Swansea City,avg_tiros,,,,,7.262,,,,,,,,,,,,,,14.787,
Newcastle United vs Swansea City,avg_pases,,,,,250.147,,,,,,,,,,,,,,338.797,
Newcastle United vs Swansea City,avg_quites,,,,,109.03,,,,,,,,,,,,,,93.901,
Newcastle United vs Tottenham Hotspur,win%,,,,,6.800000000000001,,,,,,,,,,,,,,,82.6
Newcastle United vs Tottenham Hotspur,loss%,,,,,82.6,,,,,,,,,,,,,,,6.800000000000001
Newcastle United vs Tottenham Hotspur,tie%,,,,,10.6,,,,,,,,,,,,,,,10.6
Newcastle United vs Tottenham Hotspur,avg_goles,,,,,0.923,,,,,,,,,,,,,,,3.451
Newcastle United vs Tottenham Hotspur,avg_tiros,,,,,8.419,,,,,,,,,,,,,,,20.603
Newcastle United vs Tottenham Hotspur,avg_pases,,,,,271.397,,,,,,,,,,,,,,,254.313
Newcastle United vs Tottenham Hotspur,avg_quites,,,,,110.794,,,,,,,,,,,,,,,103.526
Queens Park Rangers vs Reading,win%,,,,,,15.9,66.0,,,,,,,,,,,,,
Queens Park Rangers vs Reading,loss%,,,,,,66.0,15.9,,,,,,,,,,,,,
Queens Park Rangers vs Reading,tie%,,,,,,18.099999999999998,18.099999999999998,,,,,,,,,,,,,
Queens Park Rangers vs Reading,avg_goles,,,,,,1.098,2.409,,,,,,,,,,,,,
Queens Park Rangers vs Reading,avg_tiros,,,,,,11.147,10.942,,,,,,,,,,,,,
Queens Park Rangers vs Reading,avg_pases,,,,,,280.101,208.126,,,,,,,,,,,,,
Queens Park Rangers vs Reading,avg_quites,,,,,,120.941,104.518,,,,,,,,,,,,,
Queens Park Rangers vs West Bromwich Albion,win%,,,,,,9.5,,76.5,,,,,,,,,,,,
Queens Park Rangers vs West Bromwich Albion,loss%,,,,,,76.5,,9.5,,,,,,,,,,,,
Queens Park Rangers vs West Bromwich Albion,tie%,,,,,,14.000000000000002,,14.000000000000002,,,,,,,,,,,,
Queens Park Rangers vs West Bromwich Albion,avg_goles,,,,,,0.959,,2.915,,,,,,,,,,,,
Queens Park Rangers vs West Bromwich Albion,avg_tiros,,,,,,10.849,,12.789,,,,,,,,,,,,
Queens Park Rangers vs West Bromwich Albion,avg_pases,,,,,,260.834,,239.176,,,,,,,,,,,,
Queens Park Rangers vs West Bromwich Albion,avg_quites,,,,,,124.056,,104.912,,,,,,,,,,,,
Queens Park Rangers vs West Ham United,win%,,,,,,12.1,,,73.1,,,,,,,,,,,
Queens Park Rangers vs West Ham United,loss%,,,,,,73.1,,,12.1,,,,,,,,,,,
Queens Park Rangers vs West Ham United,tie%,,,,,,14.799999999999999,,,14.799999999999999,,,,,,,,,,,
Queens Park Rangers vs West Ham United,avg_goles,,,,,,1.097,,,2.826,,,,,,,,,,,
Queens Park Rangers vs West Ham United,avg_tiros,,,,,,12.256,,,12.499,,,,,,,,,,,
Queens Park Rangers vs West Ham United,avg_pases,,,,,,237.714,,,234.657,,,,,,,,,,,
Queens Park Rangers vs West Ham United,avg_quites,,,,,,116.149,,,133.217,,,,,,,,,,,
Queens Park Rangers vs Wigan Athletic,win%,,,,,,12.5,,,,70.5,,,,,,,,,,
Queens Park Rangers vs Wigan Athletic,loss%,,,,,,70.5,,,,12.5,,,,,,,,,,
Queens Park Rangers vs Wigan Athletic,tie%,,,,,,17.0,,,,17.0,,,,,,,,,,
Queens Park Rangers vs Wigan Athletic,avg_goles,,,,,,0.887,,,,2.377,,,,,,,,,,
Queens Park Rangers vs Wigan Athletic,avg_tiros,,,,,,8.582,,,,14.603,,,,,,,,,,
Queens Park Rangers vs Wigan Athletic,avg_pases,,,,,,249.533,,,,306.939,,,,,,,,,,
Queens Park Rangers vs Wigan Athletic,avg_quites,,,,,,130.656,,,,79.578,,,,,,,,,,
Queens Park Rangers vs Aston Villa,win%,,,,,,17.7,,,,,66.10000000000001,,,,,,,,,
Queens Park Rangers vs Aston Villa,loss%,,,,,,66.10000000000001,,,,,17.7,,,,,,,,,
Queens Park Rangers vs Aston Villa,tie%,,,,,,16.2,,,,,16.2,,,,,,,,,
Queens Park Rangers vs Aston Villa,avg_goles,,,,,,1.216,,,,,2.55,,,,,,,,,
Queens Park Rangers vs Aston Villa,avg_tiros,,,,,,11.408,,,,,12.333,,,,,,,,,
Queens Park Rangers vs Aston Villa,avg_pases,,,,,,248.773,,,,,221.503,,,,,,,,,
Queens Park Rangers vs Aston Villa,avg_quites,,,,,,134.427,,,,,111.557,,,,,,,,,
Queens Park Rangers vs Chelsea,win%,,,,,,9.1,,,,,,78.5,,,,,,,,
Queens Park Rangers vs Chelsea,loss%,,,,,,78.5,,,,,,9.1,,,,,,,,
Queens Park Rangers vs Chelsea,tie%,,,,,,12.4,,,,,,12.4,,,,,,,,
Queens Park Rangers vs Chelsea,avg_goles,,,,,,1.087,,,,,,3.245,,,,,,,,
Queens Park Rangers vs Chelsea,avg_tiros,,,,,,10.005,,,,,,15.869,,,,,,,,
Queens Park Rangers vs Chelsea,avg_pases,,,,,,220.724,,,,,,308.579,,,,,,,,
Queens Park Rangers vs Chelsea,avg_quites,,,,,,123.794,,,,,,95.174,,,,,,,,
Queens Park Rangers vs Liverpool,win%,,,,,,21.9,,,,,,,61.0,,,,,,,
Queens Park Rangers vs Liverpool,loss%,,,,,,61.0,,,,,,,21.9,,,,,,,
Queens Park Rangers vs Liverpool,tie%,,,,,,17.1,,,,,,,17.1,,,,,,,
Queens Park Rangers vs Liverpool,avg_goles,,,,,,1.186,,,,,,,2.167,,,,,,,
Queens Park Rangers vs Liverpool,avg_tiros,,,,,,9.07,,,,,,,14.802,,,,,,,
Queens Park Rangers vs Liverpool,avg_pases,,,,,,223.79,,,,,,,320.045,,,,,,,
Queens Park Rangers vs Liverpool,avg_quites,,,,,,130.711,,,,,,,92.704,,,,,,,
Queens Park Rangers vs Manchester United,win%,,,,,,11.0,,,,,,,,74.1,,,,,,
Queens Park Rangers vs Manchester United,loss%,,,,,,74.1,,,,,,,,11.0,,,,,,
Queens Park Rangers vs Manchester United,tie%,,,,,,14.899999999999999,,,,,,,,14.899999999999999,,,,,,
Queens Park Rangers vs Manchester United,avg_goles,,,,,,1.013,,,,,,,,2.683,,,,,,
Queens Park Rangers vs Manchester United,avg_tiros,,,,,,8.627,,,,,,,,12.499,,,,,,
Queens Park Rangers vs Manchester United,avg_pases,,,,,,226.494,,,,,,,,316.573,,,,,,
Queens Park Rangers vs Manchester United,avg_quites,,,,,,125.387,,,,,,,,93.14,,,,,,
Queens Park Rangers vs Norwich City,win%,,,,,,17.1,,,,,,,,,61.199999999999996,,,,,
Queens Park Rangers vs Norwich City,loss%,,,,,,61.199999999999996,,,,,,,,,17.1,,,,,
Queens Park Rangers vs Norwich City,tie%,,,,,,21.7,,,,,,,,,21.7,,,,,
Queens Park Rangers vs Norwich City,avg_goles,,,,,,1.041,,,,,,,,,2.047,,,,,
Queens Park Rangers vs Norwich City,avg_tiros,,,,,,10.122,,,,,,,,,11.331,,,,,
Queens Park Rangers vs Norwich City,avg_pases,,,,,,266.989,,,,,,,,,216.348,,,,,
Queens Park Rangers vs Norwich City,avg_quites,,,,,,137.521,,,,,,,,,101.603,,,,,
Queens Park Rangers vs Southampton,win%,,,,,,62.7,,,,,,,,,,24.099999999999998,,,,
Queens Park Rangers vs Southampton,loss%,,,,,,24.099999999999998,,,,,,,,,,62.7,,,,
Queens Park Rangers vs Southampton,tie%,,,,,,13.200000000000001,,,,,,,,,,13.200000000000001,,,,
Queens Park Rangers vs Southampton,avg_goles,,,,,,3.927,,,,,,,,,,2.61,,,,
Queens Park Rangers vs Southampton,avg_tiros,,,,,,8.093,,,,,,,,,,14.598,,,,
Queens Park Rangers vs Southampton,avg_pases,,,,,,224.433,,,,,,,,,,293.215,,,,
Queens Park Rangers vs Southampton,avg_quites,,,,,,121.918,,,,,,,,,,116.145,,,,
Queens Park Rangers vs Stoke City,win%,,,,,,14.499999999999998,,,,,,,,,,,67.5,,,
Queens Park Rangers vs Stoke City,loss%,,,,,,67.5,,,,,,,,,,,14.499999999999998,,,
Queens Park Rangers vs Stoke City,tie%,,,,,,18.0,,,,,,,,,,,18.0,,,
Queens Park Rangers vs Stoke City,avg_goles,,,,,,0.792,,,,,,,,,,,2.098,,,
Queens Park Rangers vs Stoke City,avg_tiros,,,,,,10.84,,,,,,,,,,,9.072,,,
Queens Park Rangers vs Stoke City,avg_pases,,,,,,235.409,,,,,,,,,,,225.108,,,
Queens Park Rangers vs Stoke City,avg_quites,,,,,,132.229,,,,,,,,,,,129.842,,,
Queens Park Rangers vs Sunderland,win%,,,,,,16.7,,,,,,,,,,,,60.3,,
Queens Park Rangers vs Sunderland,loss%,,,,,,60.3,,,,,,,,,,,,16.7,,
Queens Park Rangers vs Sunderland,tie%,,,,,,23.0,,,,,,,,,,,,23.0,,
Queens Park Rangers vs Sunderland,avg_goles,,,,,,0.833,,,,,,,,,,,,1.784,,
Queens Park Rangers vs Sunderland,avg_tiros,,,,,,10.485,,,,,,,,,,,,10.583,,
Queens Park Rangers vs Sunderland,avg_pases,,,,,,257.276,,,,,,,,,,,,208.669,,
Queens Park Rangers vs Sunderland,avg_quites,,,,,,139.478,,,,,,,,,,,,109.314,,
Queens Park Rangers vs Swansea City,win%,,,,,,9.9,,,,,,,,,,,,,71.5,
Queens Park Rangers vs Swansea City,loss%,,,,,,71.5,,,,,,,,,,,,,9.9,
Queens Park Rangers vs Swansea City,tie%,,,,,,18.6,,,,,,,,,,,,,18.6,
Queens Park Rangers vs Swansea City,avg_goles,,,,,,0.723,,,,,,,,,,,,,2.307,
Queens Park Rangers vs Swansea City,avg_tiros,,,,,,8.607,,,,,,,,,,,,,13.014,
Queens Park Rangers vs Swansea City,avg_pases,,,,,,228.476,,,,,,,,,,,,,336.727,
Queens Park Rangers vs Swansea City,avg_quites,,,,,,126.343,,,,,,,,,,,,,86.976,
Queens Park Rangers vs Tottenham Hotspur,win%,,,,,,8.200000000000001,,,,,,,,,,,,,,76.5
Queens Park Rangers vs Tottenham Hotspur,loss%,,,,,,76.5,,,,,,,,,,,,,,8.200000000000001
Queens Park Rangers vs Tottenham Hotspur,tie%,,,,,,15.299999999999999,,,,,,,,,,,,,,15.299999999999999
Queens Park Rangers vs Tottenham Hotspur,avg_goles,,,,,,0.888,,,,,,,,,,,,,,2.874
Queens Park Rangers vs Tottenham Hotspur,avg_tiros,,,,,,9.182,,,,,,,,,,,,,,18.142
Queens Park Rangers vs Tottenham Hotspur,avg_pases,,,,,,256.198,,,,,,,,,,,,,,252.091
Queens Park Rangers vs Tottenham Hotspur,avg_quites,,,,,,132.607,,,,,,,,,,,,,,90.327
Reading vs West Bromwich Albion,win%,,,,,,,35.699999999999996,49.5,,,,,,,,,,,,
Reading vs West Bromwich Albion,loss%,,,,,,,49.5,35.699999999999996,,,,,,,,,,,,
Reading vs West Bromwich Albion,tie%,,,,,,,14.799999999999999,14.799999999999999,,,,,,,,,,,,
Reading vs West Bromwich Albion,avg_goles,,,,,,,2.981,3.376,,,,,,,,,,,,
Reading vs West Bromwich Albion,avg_tiros,,,,,,,11.996,14.214,,,,,,,,,,,,
Reading vs West Bromwich Albion,avg_pases,,,,,,,228.124,292.485,,,,,,,,,,,,
Reading vs West Bromwich Albion,avg_quites,,,,,,,105.821,103.885,,,,,,,,,,,,
Reading vs West Ham United,win%,,,,,,,30.2,,55.7,,,,,,,,,,,
Reading vs West Ham United,loss%,,,,,,,55.7,,30.2,,,,,,,,,,,
Reading vs West Ham United,tie%,,,,,,,14.099999999999998,,14.099999999999998,,,,,,,,,,,
Reading vs West Ham United,avg_goles,,,,,,,2.727,,3.629,,,,,,,,,,,
Reading vs West Ham United,avg_tiros,,,,,,,13.659,,14.119,,,,,,,,,,,
Reading vs West Ham United,avg_pases,,,,,,,213.749,,274.587,,,,,,,,,,,
Reading vs West Ham United,avg_quites,,,,,,,101.386,,132.053,,,,,,,,,,,
Reading vs Wigan Athletic,win%,,,,,,,27.1,,,55.900000000000006,,,,,,,,,,
Reading vs Wigan Athletic,loss%,,,,,,,55.900000000000006,,,27.1,,,,,,,,,,
Reading vs Wigan Athletic,tie%,,,,,,,17.0,,,17.0,,,,,,,,,,
Reading vs Wigan Athletic,avg_goles,,,,,,,2.032,,,2.901,,,,,,,,,,
Reading vs Wigan Athletic,avg_tiros,,,,,,,9.021,,,16.495,,,,,,,,,,
Reading vs Wigan Athletic,avg_pases,,,,,,,206.888,,,375.076,,,,,,,,,,
Reading vs Wigan Athletic,avg_quites,,,,,,,105.115,,,79.319,,,,,,,,,,
Reading vs Aston Villa,win%,,,,,,,48.3,,,,36.8,,,,,,,,,
Reading vs Aston Villa,loss%,,,,,,,36.8,,,,48.3,,,,,,,,,
Reading vs Aston Villa,tie%,,,,,,,14.899999999999999,,,,14.899999999999999,,,,,,,,,
Reading vs Aston Villa,avg_goles,,,,,,,3.16,,,,2.763,,,,,,,,,
Reading vs Aston Villa,avg_tiros,,,,,,,12.609,,,,12.809,,,,,,,,,
Reading vs Aston Villa,avg_pases,,,,,,,213.182,,,,275.822,,,,,,,,,
Reading vs Aston Villa,avg_quites,,,,,,,111.821,,,,116.154,,,,,,,,,
Reading vs Chelsea,win%,,,,,,,24.4,,,,,61.6,,,,,,,,
Reading vs Chelsea,loss%,,,,,,,61.6,,,,,24.4,,,,,,,,
Reading vs Chelsea,tie%,,,,,,,14.000000000000002,,,,,14.000000000000002,,,,,,,,
Reading vs Chelsea,avg_goles,,,,,,,2.564,,,,,3.815,,,,,,,,
Reading vs Chelsea,avg_tiros,,,,,,,10.971,,,,,18.321,,,,,,,,
Reading vs Chelsea,avg_pases,,,,,,,189.689,,,,,368.886,,,,,,,,
Reading vs Chelsea,avg_quites,,,,,,,102.456,,,,,91.618,,,,,,,,
Reading vs Liverpool,win%,,,,,,,43.5,,,,,,39.5,,,,,,,
Reading vs Liverpool,loss%,,,,,,,39.5,,,,,,43.5,,,,,,,
Reading vs Liverpool,tie%,,,,,,,17.0,,,,,,17.0,,,,,,,
Reading vs Liverpool,avg_goles,,,,,,,2.664,,,,,,2.464,,,,,,,
Reading vs Liverpool,avg_tiros,,,,,,,10.057,,,,,,16.026,,,,,,,
Reading vs Liverpool,avg_pases,,,,,,,183.347,,,,,,390.615,,,,,,,
Reading vs Liverpool,avg_quites,,,,,,,103.549,,,,,,92.062,,,,,,,
Reading vs Manchester United,win%,,,,,,,33.6,,,,,,,51.2,,,,,,
Reading vs Manchester United,loss%,,,,,,,51.2,,,,,,,33.6,,,,,,
Reading vs Manchester United,tie%,,,,,,,15.2,,,,,,,15.2,,,,,,
Reading vs Manchester United,avg_goles,,,,,,,2.575,,,,,,,3.073,,,,,,
Reading vs Manchester United,avg_tiros,,,,,,,10.118,,,,,,,13.323,,,,,,
Reading vs Manchester United,avg_pases,,,,,,,190.568,,,,,,,385.62,,,,,,
Reading vs Manchester United,avg_quites,,,,,,,104.047,,,,,,,94.138,,,,,,
Reading vs Norwich City,win%,,,,,,,40.1,,,,,,,,42.6,,,,,
Reading vs Norwich City,loss%,,,,,,,42.6,,,,,,,,40.1,,,,,
Reading vs Norwich City,tie%,,,,,,,17.299999999999997,,,,,,,,17.299999999999997,,,,,
Reading vs Norwich City,avg_goles,,,,,,,2.373,,,,,,,,2.485,,,,,
Reading vs Norwich City,avg_tiros,,,,,,,10.859,,,,,,,,12.629,,,,,
Reading vs Norwich City,avg_pases,,,,,,,235.035,,,,,,,,268.831,,,,,
Reading vs Norwich City,avg_quites,,,,,,,113.865,,,,,,,,101.345,,,,,
Reading vs Southampton,win%,,,,,,,86.2,,,,,,,,,7.1,,,,
Reading vs Southampton,loss%,,,,,,,7.1,,,,,,,,,86.2,,,,
Reading vs Southampton,tie%,,,,,,,6.7,,,,,,,,,6.7,,,,
Reading vs Southampton,avg_goles,,,,,,,7.036,,,,,,,,,3.205,,,,
Reading vs Southampton,avg_tiros,,,,,,,8.519,,,,,,,,,16.884,,,,
Reading vs Southampton,avg_pases,,,,,,,187.317,,,,,,,,,357.098,,,,
Reading vs Southampton,avg_quites,,,,,,,101.098,,,,,,,,,115.505,,,,
Reading vs Stoke City,win%,,,,,,,39.2,,,,,,,,,,40.5,,,
Reading vs Stoke City,loss%,,,,,,,40.5,,,,,,,,,,39.2,,,
Reading vs Stoke City,tie%,,,,,,,20.3,,,,,,,,,,20.3,,,
Reading vs Stoke City,avg_goles,,,,,,,2.43,,,,,,,,,,2.406,,,
Reading vs Stoke City,avg_tiros,,,,,,,11.558,,,,,,,,,,9.655,,,
Reading vs Stoke City,avg_pases,,,,,,,209.263,,,,,,,,,,267.188,,,
Reading vs Stoke City,avg_quites,,,,,,,113.591,,,,,,,,,,131.651,,,
Reading vs Sunderland,win%,,,,,,,48.3,,,,,,,,,,,30.9,,
Reading vs Sunderland,loss%,,,,,,,30.9,,,,,,,,,,,48.3,,
Reading vs Sunderland,tie%,,,,,,,20.8,,,,,,,,,,,20.8,,
Reading vs Sunderland,avg_goles,,,,,,,2.414,,,,,,,,,,,1.895,,
Reading vs Sunderland,avg_tiros,,,,,,,11.998,,,,,,,,,,,11.592,,
Reading vs Sunderland,avg_pases,,,,,,,221.464,,,,,,,,,,,266.167,,
Reading vs Sunderland,avg_quites,,,,,,,115.753,,,,,,,,,,,111.396,,
Reading vs Swansea City,win%,,,,,,,32.7,,,,,,,,,,,,47.3,
Reading vs Swansea City,loss%,,,,,,,47.3,,,,,,,,,,,,32.7,
Reading vs Swansea City,tie%,,,,,,,20.0,,,,,,,,,,,,20.0,
Reading vs Swansea City,avg_goles,,,,,,,2.062,,,,,,,,,,,,2.45,
Reading vs Swansea City,avg_tiros,,,,,,,8.759,,,,,,,,,,,,15.166,
Reading vs Swansea City,avg_pases,,,,,,,189.528,,,,,,,,,,,,404.746,
Reading vs Swansea City,avg_quites,,,,,,,103.403,,,,,,,,,,,,88.167,
Reading vs Tottenham Hotspur,win%,,,,,,,12.8,,,,,,,,,,,,,74.3
Reading vs Tottenham Hotspur,loss%,,,,,,,74.3,,,,,,,,,,,,,12.8
Reading vs Tottenham Hotspur,tie%,,,,,,,12.9,,,,,,,,,,,,,12.9
Reading vs Tottenham Hotspur,avg_goles,,,,,,,1.787,,,,,,,,,,,,,3.837
Reading vs Tottenham Hotspur,avg_tiros,,,,,,,8.793,,,,,,,,,,,,,21.96
Reading vs Tottenham Hotspur,avg_pases,,,,,,,214.744,,,,,,,,,,,,,307.922
Reading vs Tottenham Hotspur,avg_quites,,,,,,,112.494,,,,,,,,,,,,,95.483
West Bromwich Albion vs West Ham United,win%,,,,,,,,38.5,46.0,,,,,,,,,,,
West Bromwich Albion vs West Ham United,loss%,,,,,,,,46.0,38.5,,,,,,,,,,,
West Bromwich Albion vs West Ham United,tie%,,,,,,,,15.5,15.5,,,,,,,,,,,
West Bromwich Albion vs West Ham United,avg_goles,,,,,,,,3.438,3.716,,,,,,,,,,,
West Bromwich Albion vs West Ham United,avg_tiros,,,,,,,,16.07,14.274,,,,,,,,,,,
West Bromwich Albion vs West Ham United,avg_pases,,,,,,,,250.177,254.053,,,,,,,,,,,
West Bromwich Albion vs West Ham United,avg_quites,,,,,,,,100.644,133.37,,,,,,,,,,,
West Bromwich Albion vs Wigan Athletic,win%,,,,,,,,37.6,,45.7,,,,,,,,,,
West Bromwich Albion vs Wigan Athletic,loss%,,,,,,,,45.7,,37.6,,,,,,,,,,
West Bromwich Albion vs Wigan Athletic,tie%,,,,,,,,16.7,,16.7,,,,,,,,,,
West Bromwich Albion vs Wigan Athletic,avg_goles,,,,,,,,2.681,,2.994,,,,,,,,,,
West Bromwich Albion vs Wigan Athletic,avg_tiros,,,,,,,,11.16,,16.262,,,,,,,,,,
West Bromwich Albion vs Wigan Athletic,avg_pases,,,,,,,,250.398,,345.129,,,,,,,,,,
West Bromwich Albion vs Wigan Athletic,avg_quites,,,,,,,,105.512,,82.406,,,,,,,,,,
West Bromwich Albion vs Aston Villa,win%,,,,,,,,51.2,,,35.5,,,,,,,,,
West Bromwich Albion vs Aston Villa,loss%,,,,,,,,35.5,,,51.2,,,,,,,,,
West Bromwich Albion vs Aston Villa,tie%,,,,,,,,13.3,,,13.3,,,,,,,,,
West Bromwich Albion vs Aston Villa,avg_goles,,,,,,,,3.752,,,3.184,,,,,,,,,
West Bromwich Albion vs Aston Villa,avg_tiros,,,,,,,,14.978,,,13.104,,,,,,,,,
West Bromwich Albion vs Aston Villa,avg_pases,,,,,,,,251.198,,,252.149,,,,,,,,,
West Bromwich Albion vs Aston Villa,avg_quites,,,,,,,,111.267,,,118.548,,,,,,,,,
West Bromwich Albion vs Chelsea,win%,,,,,,,,39.2,,,,45.9,,,,,,,,
West Bromwich Albion vs Chelsea,loss%,,,,,,,,45.9,,,,39.2,,,,,,,,
West Bromwich Albion vs Chelsea,tie%,,,,,,,,14.899999999999999,,,,14.899999999999999,,,,,,,,
West Bromwich Albion vs Chelsea,avg_goles,,,,,,,,3.509,,,,3.734,,,,,,,,
West Bromwich Albion vs Chelsea,avg_tiros,,,,,,,,13.263,,,,18.003,,,,,,,,
West Bromwich Albion vs Chelsea,avg_pases,,,,,,,,226.546,,,,339.139,,,,,,,,
West Bromwich Albion vs Chelsea,avg_quites,,,,,,,,103.767,,,,94.711,,,,,,,,
West Bromwich Albion vs Liverpool,win%,,,,,,,,55.50000000000001,,,,,30.2,,,,,,,
West Bromwich Albion vs Liverpool,loss%,,,,,,,,30.2,,,,,55.50000000000001,,,,,,,
West Bromwich Albion vs Liverpool,tie%,,,,,,,,14.299999999999999,,,,,14.299999999999999,,,,,,,
West Bromwich Albion vs Liverpool,avg_goles,,,,,,,,3.359,,,,,2.548,,,,,,,
West Bromwich Albion vs Liverpool,avg_tiros,,,,,,,,11.777,,,,,16.072,,,,,,,
West Bromwich Albion vs Liverpool,avg_pases,,,,,,,,221.46,,,,,364.319,,,,,,,
West Bromwich Albion vs Liverpool,avg_quites,,,,,,,,105.51,,,,,93.943,,,,,,,
West Bromwich Albion vs Manchester United,win%,,,,,,,,37.0,,,,,,46.400000000000006,,,,,,
West Bromwich Albion vs Manchester United,loss%,,,,,,,,46.400000000000006,,,,,,37.0,,,,,,
West Bromwich Albion vs Manchester United,tie%,,,,,,,,16.6,,,,,,16.6,,,,,,
West Bromwich Albion vs Manchester United,avg_goles,,,,,,,,3.214,,,,,,3.455,,,,,,
West Bromwich Albion vs Manchester United,avg_tiros,,,,,,,,11.825,,,,,,13.531,,,,,,
West Bromwich Albion vs Manchester United,avg_pases,,,,,,,,228.784,,,,,,358.994,,,,,,
West Bromwich Albion vs Manchester United,avg_quites,,,,,,,,104.331,,,,,,95.222,,,,,,
West Bromwich Albion vs Norwich City,win%,,,,,,,,40.400000000000006,,,,,,,43.6,,,,,
West Bromwich Albion vs Norwich City,loss%,,,,,,,,43.6,,,,,,,40.400000000000006,,,,,
West Bromwich Albion vs Norwich City,tie%,,,,,,,,16.0,,,,,,,16.0,,,,,
West Bromwich Albion vs Norwich City,avg_goles,,,,,,,,2.973,,,,,,,3.014,,,,,
West Bromwich Albion vs Norwich City,avg_tiros,,,,,,,,13.424,,,,,,,13.002,,,,,
West Bromwich Albion vs Norwich City,avg_pases,,,,,,,,275.291,,,,,,,240.689,,,,,
West Bromwich Albion vs Norwich City,avg_quites,,,,,,,,112.555,,,,,,,103.89,,,,,
West Bromwich Albion vs Southampton,win%,,,,,,,,80.80000000000001,,,,,,,,11.899999999999999,,,,
West Bromwich Albion vs Southampton,loss%,,,,,,,,11.899999999999999,,,,,,,,80.80000000000001,,,,
West Bromwich Albion vs Southampton,tie%,,,,,,,,7.3,,,,,,,,7.3,,,,
West Bromwich Albion vs Southampton,avg_goles,,,,,,,,6.942,,,,,,,,3.633,,,,
West Bromwich Albion vs Southampton,avg_tiros,,,,,,,,10.189,,,,,,,,16.501,,,,
West Bromwich Albion vs Southampton,avg_pases,,,,,,,,224.648,,,,,,,,329.842,,,,
West Bromwich Albion vs Southampton,avg_quites,,,,,,,,99.845,,,,,,,,118.373,,,,
West Bromwich Albion vs Stoke City,win%,,,,,,,,40.300000000000004,,,,,,,,,43.8,,,
West Bromwich Albion vs Stoke City,loss%,,,,,,,,43.8,,,,,,,,,40.300000000000004,,,
West Bromwich Albion vs Stoke City,tie%,,,,,,,,15.9,,,,,,,,,15.9,,,
West Bromwich Albion vs Stoke City,avg_goles,,,,,,,,2.881,,,,,,,,,3.041,,,
West Bromwich Albion vs Stoke City,avg_tiros,,,,,,,,13.082,,,,,,,,,10.438,,,
West Bromwich Albion vs Stoke City,avg_pases,,,,,,,,241.549,,,,,,,,,244.92,,,
West Bromwich Albion vs Stoke City,avg_quites,,,,,,,,112.034,,,,,,,,,135.101,,,
West Bromwich Albion vs Sunderland,win%,,,,,,,,58.3,,,,,,,,,,25.8,,
West Bromwich Albion vs Sunderland,loss%,,,,,,,,25.8,,,,,,,,,,58.3,,
West Bromwich Albion vs Sunderland,tie%,,,,,,,,15.9,,,,,,,,,,15.9,,
West Bromwich Albion vs Sunderland,avg_goles,,,,,,,,3.296,,,,,,,,,,2.315,,
West Bromwich Albion vs Sunderland,avg_tiros,,,,,,,,14.456,,,,,,,,,,11.556,,
West Bromwich Albion vs Sunderland,avg_pases,,,,,,,,266.484,,,,,,,,,,235.779,,
West Bromwich Albion vs Sunderland,avg_quites,,,,,,,,115.714,,,,,,,,,,113.377,,
West Bromwich Albion vs Swansea City,win%,,,,,,,,44.6,,,,,,,,,,,39.1,
West Bromwich Albion vs Swansea City,loss%,,,,,,,,39.1,,,,,,,,,,,44.6,
West Bromwich Albion vs Swansea City,tie%,,,,,,,,16.3,,,,,,,,,,,16.3,
West Bromwich Albion vs Swansea City,avg_goles,,,,,,,,3.023,,,,,,,,,,,2.874,
West Bromwich Albion vs Swansea City,avg_tiros,,,,,,,,10.96,,,,,,,,,,,14.658,
West Bromwich Albion vs Swansea City,avg_pases,,,,,,,,229.271,,,,,,,,,,,371.71,
West Bromwich Albion vs Swansea City,avg_quites,,,,,,,,103.565,,,,,,,,,,,91.165,
West Bromwich Albion vs Tottenham Hotspur,win%,,,,,,,,22.7,,,,,,,,,,,,64.7
West Bromwich Albion vs Tottenham Hotspur,loss%,,,,,,,,64.7,,,,,,,,,,,,22.7
West Bromwich Albion vs Tottenham Hotspur,tie%,,,,,,,,12.6,,,,,,,,,,,,12.6
West Bromwich Albion vs Tottenham Hotspur,avg_goles,,,,,,,,2.351,,,,,,,,,,,,3.774
West Bromwich Albion vs Tottenham Hotspur,avg_tiros,,,,,,,,10.69,,,,,,,,,,,,20.262
West Bromwich Albion vs Tottenham Hotspur,avg_pases,,,,,,,,256.683,,,,,,,,,,,,277.599
West Bromwich Albion vs Tottenham Hotspur,avg_quites,,,,,,,,108.535,,,,,,,,,,,,98.441
West Ham United vs Wigan Athletic,win%,,,,,,,,,42.0,41.0,,,,,,,,,,
West Ham United vs Wigan Athletic,loss%,,,,,,,,,41.0,42.0,,,,,,,,,,
West Ham United vs Wigan Athletic,tie%,,,,,,,,,17.0,17.0,,,,,,,,,,
West Ham United vs Wigan Athletic,avg_goles,,,,,,,,,2.754,2.706,,,,,,,,,,
West Ham United vs Wigan Athletic,avg_tiros,,,,,,,,,11.203,17.415,,,,,,,,,,
West Ham United vs Wigan Athletic,avg_pases,,,,,,,,,235.596,320.849,,,,,,,,,,
West Ham United vs Wigan Athletic,avg_quites,,,,,,,,,130.638,80.069,,,,,,,,,,
West Ham United vs Aston Villa,win%,,,,,,,,,56.49999999999999,,29.599999999999998,,,,,,,,,
West Ham United vs Aston Villa,loss%,,,,,,,,,29.599999999999998,,56.49999999999999,,,,,,,,,
West Ham United vs Aston Villa,tie%,,,,,,,,,13.900000000000002,,13.900000000000002,,,,,,,,,
West Ham United vs Aston Villa,avg_goles,,,,,,,,,3.796,,2.875,,,,,,,,,
West Ham United vs Aston Villa,avg_tiros,,,,,,,,,14.148,,14.216,,,,,,,,,
West Ham United vs Aston Villa,avg_pases,,,,,,,,,242.397,,231.867,,,,,,,,,
West Ham United vs Aston Villa,avg_quites,,,,,,,,,141.49,,111.125,,,,,,,,,
West Ham United vs Chelsea,win%,,,,,,,,,39.800000000000004,,,43.4,,,,,,,,
West Ham United vs Chelsea,loss%,,,,,,,,,43.4,,,39.800000000000004,,,,,,,,
West Ham United vs Chelsea,tie%,,,,,,,,,16.8,,,16.8,,,,,,,,
West Ham United vs Chelsea,avg_goles,,,,,,,,,3.151,,,3.296,,,,,,,,
West Ham United vs Chelsea,avg_tiros,,,,,,,,,13.061,,,17.687,,,,,,,,
West Ham United vs Chelsea,avg_pases,,,,,,,,,218.44,,,316.894,,,,,,,,
West Ham United vs Chelsea,avg_quites,,,,,,,,,131.177,,,91.299,,,,,,,,
West Ham United vs Liverpool,win%,,,,,,,,,53.7,,,,29.799999999999997,,,,,,,
West Ham United vs Liverpool,loss%,,,,,,,,,29.799999999999997,,,,53.7,,,,,,,
West Ham United vs Liverpool,tie%,,,,,,,,,16.5,,,,16.5,,,,,,,
West Ham United vs Liverpool,avg_goles,,,,,,,,,3.349,,,,2.566,,,,,,,
West Ham United vs Liverpool,avg_tiros,,,,,,,,,12.132,,,,17.498,,,,,,,
West Ham United vs Liverpool,avg_pases,,,,,,,,,212.119,,,,337.909,,,,,,,
West Ham United vs Liverpool,avg_quites,,,,,,,,,130.532,,,,92.558,,,,,,,
West Ham United vs Manchester United,win%,,,,,,,,,50.9,,,,,34.2,,,,,,
West Ham United vs Manchester United,loss%,,,,,,,,,34.2,,,,,50.9,,,,,,
West Ham United vs Manchester United,tie%,,,,,,,,,14.899999999999999,,,,,14.899999999999999,,,,,,
West Ham United vs Manchester United,avg_goles,,,,,,,,,3.475,,,,,3.008,,,,,,
West Ham United vs Manchester United,avg_tiros,,,,,,,,,12.174,,,,,14.53,,,,,,
West Ham United vs Manchester United,avg_pases,,,,,,,,,219.914,,,,,330.822,,,,,,
West Ham United vs Manchester United,avg_quites,,,,,,,,,129.52,,,,,92.834,,,,,,
West Ham United vs Norwich City,win%,,,,,,,,,53.6,,,,,,30.8,,,,,
West Ham United vs Norwich City,loss%,,,,,,,,,30.8,,,,,,53.6,,,,,
West Ham United vs Norwich City,tie%,,,,,,,,,15.6,,,,,,15.6,,,,,
West Ham United vs Norwich City,avg_goles,,,,,,,,,3.239,,,,,,2.544,,,,,
West Ham United vs Norwich City,avg_tiros,,,,,,,,,12.857,,,,,,14.09,,,,,
West Ham United vs Norwich City,avg_pases,,,,,,,,,263.191,,,,,,223.214,,,,,
West Ham United vs Norwich City,avg_quites,,,,,,,,,142.355,,,,,,97.283,,,,,
West Ham United vs Southampton,win%,,,,,,,,,93.10000000000001,,,,,,,3.6999999999999997,,,,
West Ham United vs Southampton,loss%,,,,,,,,,3.6999999999999997,,,,,,,93.10000000000001,,,,
West Ham United vs Southampton,tie%,,,,,,,,,3.2,,,,,,,3.2,,,,
West Ham United vs Southampton,avg_goles,,,,,,,,,8.894,,,,,,,3.21,,,,
West Ham United vs Southampton,avg_tiros,,,,,,,,,10.481,,,,,,,17.82,,,,
West Ham United vs Southampton,avg_pases,,,,,,,,,210.61,,,,,,,312.76,,,,
West Ham United vs Southampton,avg_quites,,,,,,,,,125.156,,,,,,,114.264,,,,
West Ham United vs Stoke City,win%,,,,,,,,,48.9,,,,,,,,34.300000000000004,,,
West Ham United vs Stoke City,loss%,,,,,,,,,34.300000000000004,,,,,,,,48.9,,,
West Ham United vs Stoke City,tie%,,,,,,,,,16.8,,,,,,,,16.8,,,
West Ham United vs Stoke City,avg_goles,,,,,,,,,2.906,,,,,,,,2.474,,,
West Ham United vs Stoke City,avg_tiros,,,,,,,,,12.925,,,,,,,,10.963,,,
West Ham United vs Stoke City,avg_pases,,,,,,,,,235.071,,,,,,,,228.116,,,
West Ham United vs Stoke City,avg_quites,,,,,,,,,142.91,,,,,,,,126.64,,,
West Ham United vs Sunderland,win%,,,,,,,,,57.699999999999996,,,,,,,,,25.3,,
West Ham United vs Sunderland,loss%,,,,,,,,,25.3,,,,,,,,,57.699999999999996,,
West Ham United vs Sunderland,tie%,,,,,,,,,17.0,,,,,,,,,17.0,,
West Ham United vs Sunderland,avg_goles,,,,,,,,,3.094,,,,,,,,,2.101,,
West Ham United vs Sunderland,avg_tiros,,,,,,,,,14.077,,,,,,,,,12.904,,
West Ham United vs Sunderland,avg_pases,,,,,,,,,251.117,,,,,,,,,222.174,,
West Ham United vs Sunderland,avg_quites,,,,,,,,,143.822,,,,,,,,,105.354,,
West Ham United vs Swansea City,win%,,,,,,,,,45.7,,,,,,,,,,34.699999999999996,
West Ham United vs Swansea City,loss%,,,,,,,,,34.699999999999996,,,,,,,,,,45.7,
West Ham United vs Swansea City,tie%,,,,,,,,,19.6,,,,,,,,,,19.6,
West Ham United vs Swansea City,avg_goles,,,,,,,,,2.883,,,,,,,,,,2.516,
West Ham United vs Swansea City,avg_tiros,,,,,,,,,10.975,,,,,,,,,,15.304,
West Ham United vs Swansea City,avg_pases,,,,,,,,,216.096,,,,,,,,,,349.576,
West Ham United vs Swansea City,avg_quites,,,,,,,,,128.803,,,,,,,,,,86.266,
West Ham United vs Tottenham Hotspur,win%,,,,,,,,,32.6,,,,,,,,,,,52.6
West Ham United vs Tottenham Hotspur,loss%,,,,,,,,,52.6,,,,,,,,,,,32.6
West Ham United vs Tottenham Hotspur,tie%,,,,,,,,,14.799999999999999,,,,,,,,,,,14.799999999999999
West Ham United vs Tottenham Hotspur,avg_goles,,,,,,,,,2.655,,,,,,,,,,,3.275
West Ham United vs Tottenham Hotspur,avg_tiros,,,,,,,,,11.189,,,,,,,,,,,21.567
West Ham United vs Tottenham Hotspur,avg_pases,,,,,,,,,243.59,,,,,,,,,,,264.67
West Ham United vs Tottenham Hotspur,avg_quites,,,,,,,,,135.796,,,,,,,,,,,91.725
Wigan Athletic vs Aston Villa,win%,,,,,,,,,,57.4,28.499999999999996,,,,,,,,,
Wigan Athletic vs Aston Villa,loss%,,,,,,,,,,28.499999999999996,57.4,,,,,,,,,
Wigan Athletic vs Aston Villa,tie%,,,,,,,,,,14.099999999999998,14.099999999999998,,,,,,,,,
Wigan Athletic vs Aston Villa,avg_goles,,,,,,,,,,3.28,2.385,,,,,,,,,
Wigan Athletic vs Aston Villa,avg_tiros,,,,,,,,,,17.064,9.71,,,,,,,,,
Wigan Athletic vs Aston Villa,avg_pases,,,,,,,,,,324.482,236.17,,,,,,,,,
Wigan Athletic vs Aston Villa,avg_quites,,,,,,,,,,83.781,122.456,,,,,,,,,
Wigan Athletic vs Chelsea,win%,,,,,,,,,,32.800000000000004,,53.2,,,,,,,,
Wigan Athletic vs Chelsea,loss%,,,,,,,,,,53.2,,32.800000000000004,,,,,,,,
Wigan Athletic vs Chelsea,tie%,,,,,,,,,,14.000000000000002,,14.000000000000002,,,,,,,,
Wigan Athletic vs Chelsea,avg_goles,,,,,,,,,,2.859,,3.552,,,,,,,,
Wigan Athletic vs Chelsea,avg_tiros,,,,,,,,,,15.046,,15.584,,,,,,,,
Wigan Athletic vs Chelsea,avg_pases,,,,,,,,,,293.898,,320.09,,,,,,,,
Wigan Athletic vs Chelsea,avg_quites,,,,,,,,,,81.757,,101.466,,,,,,,,
Wigan Athletic vs Liverpool,win%,,,,,,,,,,55.60000000000001,,,26.200000000000003,,,,,,,
Wigan Athletic vs Liverpool,loss%,,,,,,,,,,26.200000000000003,,,55.60000000000001,,,,,,,
Wigan Athletic vs Liverpool,tie%,,,,,,,,,,18.2,,,18.2,,,,,,,
Wigan Athletic vs Liverpool,avg_goles,,,,,,,,,,2.825,,,1.955,,,,,,,
Wigan Athletic vs Liverpool,avg_tiros,,,,,,,,,,13.257,,,13.486,,,,,,,
Wigan Athletic vs Liverpool,avg_pases,,,,,,,,,,286.45,,,349.905,,,,,,,
Wigan Athletic vs Liverpool,avg_quites,,,,,,,,,,84.908,,,97.187,,,,,,,
Wigan Athletic vs Manchester United,win%,,,,,,,,,,46.300000000000004,,,,36.6,,,,,,
Wigan Athletic vs Manchester United,loss%,,,,,,,,,,36.6,,,,46.300000000000004,,,,,,
Wigan Athletic vs Manchester United,tie%,,,,,,,,,,17.1,,,,17.1,,,,,,
Wigan Athletic vs Manchester United,avg_goles,,,,,,,,,,2.854,,,,2.561,,,,,,
Wigan Athletic vs Manchester United,avg_tiros,,,,,,,,,,13.413,,,,10.745,,,,,,
Wigan Athletic vs Manchester United,avg_pases,,,,,,,,,,291.659,,,,342.485,,,,,,
Wigan Athletic vs Manchester United,avg_quites,,,,,,,,,,81.348,,,,100.005,,,,,,
Wigan Athletic vs Norwich City,win%,,,,,,,,,,52.300000000000004,,,,,28.299999999999997,,,,,
Wigan Athletic vs Norwich City,loss%,,,,,,,,,,28.299999999999997,,,,,52.300000000000004,,,,,
Wigan Athletic vs Norwich City,tie%,,,,,,,,,,19.400000000000002,,,,,19.400000000000002,,,,,
Wigan Athletic vs Norwich City,avg_goles,,,,,,,,,,2.596,,,,,1.96,,,,,
Wigan Athletic vs Norwich City,avg_tiros,,,,,,,,,,15.85,,,,,9.51,,,,,
Wigan Athletic vs Norwich City,avg_pases,,,,,,,,,,356.24,,,,,220.176,,,,,
Wigan Athletic vs Norwich City,avg_quites,,,,,,,,,,83.733,,,,,108.812,,,,,
Wigan Athletic vs Southampton,win%,,,,,,,,,,92.60000000000001,,,,,,3.5000000000000004,,,,
Wigan Athletic vs Southampton,loss%,,,,,,,,,,3.5000000000000004,,,,,,92.60000000000001,,,,
Wigan Athletic vs Southampton,tie%,,,,,,,,,,3.9,,,,,,3.9,,,,
Wigan Athletic vs Southampton,avg_goles,,,,,,,,,,7.485,,,,,,2.639,,,,
Wigan Athletic vs Southampton,avg_tiros,,,,,,,,,,11.511,,,,,,13.622,,,,
Wigan Athletic vs Southampton,avg_pases,,,,,,,,,,288.936,,,,,,312.178,,,,
Wigan Athletic vs Southampton,avg_quites,,,,,,,,,,81.401,,,,,,120.153,,,,
Wigan Athletic vs Stoke City,win%,,,,,,,,,,45.1,,,,,,,35.4,,,
Wigan Athletic vs Stoke City,loss%,,,,,,,,,,35.4,,,,,,,45.1,,,
Wigan Athletic vs Stoke City,tie%,,,,,,,,,,19.5,,,,,,,19.5,,,
Wigan Athletic vs Stoke City,avg_goles,,,,,,,,,,2.227,,,,,,,1.973,,,
Wigan Athletic vs Stoke City,avg_tiros,,,,,,,,,,15.208,,,,,,,7.861,,,
Wigan Athletic vs Stoke City,avg_pases,,,,,,,,,,311.396,,,,,,,227.71,,,
Wigan Athletic vs Stoke City,avg_quites,,,,,,,,,,90.128,,,,,,,137.811,,,
Wigan Athletic vs Sunderland,win%,,,,,,,,,,58.9,,,,,,,,25.3,,
Wigan Athletic vs Sunderland,loss%,,,,,,,,,,25.3,,,,,,,,58.9,,
Wigan Athletic vs Sunderland,tie%,,,,,,,,,,15.8,,,,,,,,15.8,,
Wigan Athletic vs Sunderland,avg_goles,,,,,,,,,,2.439,,,,,,,,1.515,,
Wigan Athletic vs Sunderland,avg_tiros,,,,,,,,,,16.645,,,,,,,,9.059,,
Wigan Athletic vs Sunderland,avg_pases,,,,,,,,,,341.736,,,,,,,,221.669,,
Wigan Athletic vs Sunderland,avg_quites,,,,,,,,,,87.403,,,,,,,,117.828,,
Wigan Athletic vs Swansea City,win%,,,,,,,,,,48.1,,,,,,,,,33.300000000000004,
Wigan Athletic vs Swansea City,loss%,,,,,,,,,,33.300000000000004,,,,,,,,,48.1,
Wigan Athletic vs Swansea City,tie%,,,,,,,,,,18.6,,,,,,,,,18.6,
Wigan Athletic vs Swansea City,avg_goles,,,,,,,,,,2.409,,,,,,,,,2.001,
Wigan Athletic vs Swansea City,avg_tiros,,,,,,,,,,12.807,,,,,,,,,11.764,
Wigan Athletic vs Swansea City,avg_pases,,,,,,,,,,291.272,,,,,,,,,354.208,
Wigan Athletic vs Swansea City,avg_quites,,,,,,,,,,83.349,,,,,,,,,95.01,
Wigan Athletic vs Tottenham Hotspur,win%,,,,,,,,,,26.6,,,,,,,,,,56.599999999999994
Wigan Athletic vs Tottenham Hotspur,loss%,,,,,,,,,,56.599999999999994,,,,,,,,,,26.6
Wigan Athletic vs Tottenham Hotspur,tie%,,,,,,,,,,16.8,,,,,,,,,,16.8
Wigan Athletic vs Tottenham Hotspur,avg_goles,,,,,,,,,,2.03,,,,,,,,,,2.807
Wigan Athletic vs Tottenham Hotspur,avg_tiros,,,,,,,,,,13.686,,,,,,,,,,15.834
Wigan Athletic vs Tottenham Hotspur,avg_pases,,,,,,,,,,334.486,,,,,,,,,,257.673
Wigan Athletic vs Tottenham Hotspur,avg_quites,,,,,,,,,,82.881,,,,,,,,,,106.648
Aston Villa vs Chelsea,win%,,,,,,,,,,,26.700000000000003,59.199999999999996,,,,,,,,
Aston Villa vs Chelsea,loss%,,,,,,,,,,,59.199999999999996,26.700000000000003,,,,,,,,
Aston Villa vs Chelsea,tie%,,,,,,,,,,,14.099999999999998,14.099999999999998,,,,,,,,
Aston Villa vs Chelsea,avg_goles,,,,,,,,,,,2.952,4.025,,,,,,,,
Aston Villa vs Chelsea,avg_tiros,,,,,,,,,,,12.462,17.846,,,,,,,,
Aston Villa vs Chelsea,avg_pases,,,,,,,,,,,210.721,327.882,,,,,,,,
Aston Villa vs Chelsea,avg_quites,,,,,,,,,,,113.749,102.547,,,,,,,,
Aston Villa vs Liverpool,win%,,,,,,,,,,,43.2,,41.199999999999996,,,,,,,
Aston Villa vs Liverpool,loss%,,,,,,,,,,,41.199999999999996,,43.2,,,,,,,
Aston Villa vs Liverpool,tie%,,,,,,,,,,,15.6,,15.6,,,,,,,
Aston Villa vs Liverpool,avg_goles,,,,,,,,,,,2.955,,2.901,,,,,,,
Aston Villa vs Liverpool,avg_tiros,,,,,,,,,,,10.836,,17.226,,,,,,,
Aston Villa vs Liverpool,avg_pases,,,,,,,,,,,211.268,,343.934,,,,,,,
Aston Villa vs Liverpool,avg_quites,,,,,,,,,,,118.409,,96.096,,,,,,,
Aston Villa vs Manchester United,win%,,,,,,,,,,,33.900000000000006,,,52.1,,,,,,
Aston Villa vs Manchester United,loss%,,,,,,,,,,,52.1,,,33.900000000000006,,,,,,
Aston Villa vs Manchester United,tie%,,,,,,,,,,,14.000000000000002,,,14.000000000000002,,,,,,
Aston Villa vs Manchester United,avg_goles,,,,,,,,,,,2.659,,,3.286,,,,,,
Aston Villa vs Manchester United,avg_tiros,,,,,,,,,,,10.438,,,13.886,,,,,,
Aston Villa vs Manchester United,avg_pases,,,,,,,,,,,217.616,,,337.057,,,,,,
Aston Villa vs Manchester United,avg_quites,,,,,,,,,,,112.134,,,101.238,,,,,,
Aston Villa vs Norwich City,win%,,,,,,,,,,,38.4,,,,44.3,,,,,
Aston Villa vs Norwich City,loss%,,,,,,,,,,,44.3,,,,38.4,,,,,
Aston Villa vs Norwich City,tie%,,,,,,,,,,,17.299999999999997,,,,17.299999999999997,,,,,
Aston Villa vs Norwich City,avg_goles,,,,,,,,,,,2.58,,,,2.693,,,,,
Aston Villa vs Norwich City,avg_tiros,,,,,,,,,,,11.531,,,,12.873,,,,,
Aston Villa vs Norwich City,avg_pases,,,,,,,,,,,255.594,,,,230.022,,,,,
Aston Villa vs Norwich City,avg_quites,,,,,,,,,,,124.829,,,,110.675,,,,,
Aston Villa vs Southampton,win%,,,,,,,,,,,89.0,,,,,6.5,,,,
Aston Villa vs Southampton,loss%,,,,,,,,,,,6.5,,,,,89.0,,,,
Aston Villa vs Southampton,tie%,,,,,,,,,,,4.5,,,,,4.5,,,,
Aston Villa vs Southampton,avg_goles,,,,,,,,,,,8.486,,,,,3.742,,,,
Aston Villa vs Southampton,avg_tiros,,,,,,,,,,,9.237,,,,,17.126,,,,
Aston Villa vs Southampton,avg_pases,,,,,,,,,,,209.457,,,,,314.342,,,,
Aston Villa vs Southampton,avg_quites,,,,,,,,,,,111.594,,,,,123.021,,,,
Aston Villa vs Stoke City,win%,,,,,,,,,,,36.7,,,,,,44.9,,,
Aston Villa vs Stoke City,loss%,,,,,,,,,,,44.9,,,,,,36.7,,,
Aston Villa vs Stoke City,tie%,,,,,,,,,,,18.4,,,,,,18.4,,,
Aston Villa vs Stoke City,avg_goles,,,,,,,,,,,2.492,,,,,,2.798,,,
Aston Villa vs Stoke City,avg_tiros,,,,,,,,,,,12.15,,,,,,10.482,,,
Aston Villa vs Stoke City,avg_pases,,,,,,,,,,,223.612,,,,,,239.209,,,
Aston Villa vs Stoke City,avg_quites,,,,,,,,,,,122.434,,,,,,141.408,,,
Aston Villa vs Sunderland,win%,,,,,,,,,,,47.099999999999994,,,,,,,36.5,,
Aston Villa vs Sunderland,loss%,,,,,,,,,,,36.5,,,,,,,47.099999999999994,,
Aston Villa vs Sunderland,tie%,,,,,,,,,,,16.400000000000002,,,,,,,16.400000000000002,,
Aston Villa vs Sunderland,avg_goles,,,,,,,,,,,2.691,,,,,,,2.41,,
Aston Villa vs Sunderland,avg_tiros,,,,,,,,,,,12.864,,,,,,,12.327,,
Aston Villa vs Sunderland,avg_pases,,,,,,,,,,,247.473,,,,,,,225.87,,
Aston Villa vs Sunderland,avg_quites,,,,,,,,,,,125.385,,,,,,,118.615,,
Aston Villa vs Swansea City,win%,,,,,,,,,,,33.4,,,,,,,,49.4,
Aston Villa vs Swansea City,loss%,,,,,,,,,,,49.4,,,,,,,,33.4,
Aston Villa vs Swansea City,tie%,,,,,,,,,,,17.2,,,,,,,,17.2,
Aston Villa vs Swansea City,avg_goles,,,,,,,,,,,2.571,,,,,,,,3.02,
Aston Villa vs Swansea City,avg_tiros,,,,,,,,,,,10.071,,,,,,,,15.46,
Aston Villa vs Swansea City,avg_pases,,,,,,,,,,,218.876,,,,,,,,354.068,
Aston Villa vs Swansea City,avg_quites,,,,,,,,,,,115.737,,,,,,,,93.6,
Aston Villa vs Tottenham Hotspur,win%,,,,,,,,,,,18.3,,,,,,,,,67.30000000000001
Aston Villa vs Tottenham Hotspur,loss%,,,,,,,,,,,67.30000000000001,,,,,,,,,18.3
Aston Villa vs Tottenham Hotspur,tie%,,,,,,,,,,,14.399999999999999,,,,,,,,,14.399999999999999
Aston Villa vs Tottenham Hotspur,avg_goles,,,,,,,,,,,2.238,,,,,,,,,3.912
Aston Villa vs Tottenham Hotspur,avg_tiros,,,,,,,,,,,10.939,,,,,,,,,20.524
Aston Villa vs Tottenham Hotspur,avg_pases,,,,,,,,,,,246.187,,,,,,,,,265.572
Aston Villa vs Tottenham Hotspur,avg_quites,,,,,,,,,,,116.303,,,,,,,,,103.98
Chelsea vs Liverpool,win%,,,,,,,,,,,,59.0,25.8,,,,,,,
Chelsea vs Liverpool,loss%,,,,,,,,,,,,25.8,59.0,,,,,,,
Chelsea vs Liverpool,tie%,,,,,,,,,,,,15.2,15.2,,,,,,,
Chelsea vs Liverpool,avg_goles,,,,,,,,,,,,3.525,2.512,,,,,,,
Chelsea vs Liverpool,avg_tiros,,,,,,,,,,,,14.971,14.966,,,,,,,
Chelsea vs Liverpool,avg_pases,,,,,,,,,,,,288.875,312.743,,,,,,,
Chelsea vs Liverpool,avg_quites,,,,,,,,,,,,99.597,96.019,,,,,,,
Chelsea vs Manchester United,win%,,,,,,,,,,,,47.699999999999996,,37.8,,,,,,
Chelsea vs Manchester United,loss%,,,,,,,,,,,,37.8,,47.699999999999996,,,,,,
Chelsea vs Manchester United,tie%,,,,,,,,,,,,14.499999999999998,,14.499999999999998,,,,,,
Chelsea vs Manchester United,avg_goles,,,,,,,,,,,,3.652,,3.322,,,,,,
Chelsea vs Manchester United,avg_tiros,,,,,,,,,,,,15.478,,12.795,,,,,,
Chelsea vs Manchester United,avg_pases,,,,,,,,,,,,296.076,,306.627,,,,,,
Chelsea vs Manchester United,avg_quites,,,,,,,,,,,,96.004,,98.531,,,,,,
Chelsea vs Norwich City,win%,,,,,,,,,,,,57.9,,,26.6,,,,,
Chelsea vs Norwich City,loss%,,,,,,,,,,,,26.6,,,57.9,,,,,
Chelsea vs Norwich City,tie%,,,,,,,,,,,,15.5,,,15.5,,,,,
Chelsea vs Norwich City,avg_goles,,,,,,,,,,,,3.327,,,2.444,,,,,
Chelsea vs Norwich City,avg_tiros,,,,,,,,,,,,16.418,,,11.478,,,,,
Chelsea vs Norwich City,avg_pases,,,,,,,,,,,,351.173,,,205.92,,,,,
Chelsea vs Norwich City,avg_quites,,,,,,,,,,,,102.369,,,102.346,,,,,
Chelsea vs Southampton,win%,,,,,,,,,,,,98.7,,,,0.8,,,,
Chelsea vs Southampton,loss%,,,,,,,,,,,,0.8,,,,98.7,,,,
Chelsea vs Southampton,tie%,,,,,,,,,,,,0.5,,,,0.5,,,,
Chelsea vs Southampton,avg_goles,,,,,,,,,,,,12.141,,,,3.38,,,,
Chelsea vs Southampton,avg_tiros,,,,,,,,,,,,13.932,,,,15.275,,,,
Chelsea vs Southampton,avg_pases,,,,,,,,,,,,284.532,,,,294.396,,,,
Chelsea vs Southampton,avg_quites,,,,,,,,,,,,97.151,,,,115.136,,,,
Chelsea vs Stoke City,win%,,,,,,,,,,,,47.599999999999994,,,,,35.699999999999996,,,
Chelsea vs Stoke City,loss%,,,,,,,,,,,,35.699999999999996,,,,,47.599999999999994,,,
Chelsea vs Stoke City,tie%,,,,,,,,,,,,16.7,,,,,16.7,,,
Chelsea vs Stoke City,avg_goles,,,,,,,,,,,,3.109,,,,,2.719,,,
Chelsea vs Stoke City,avg_tiros,,,,,,,,,,,,16.175,,,,,9.841,,,
Chelsea vs Stoke City,avg_pases,,,,,,,,,,,,315.195,,,,,212.502,,,
Chelsea vs Stoke City,avg_quites,,,,,,,,,,,,104.492,,,,,129.579,,,
Chelsea vs Sunderland,win%,,,,,,,,,,,,64.8,,,,,,20.599999999999998,,
Chelsea vs Sunderland,loss%,,,,,,,,,,,,20.599999999999998,,,,,,64.8,,
Chelsea vs Sunderland,tie%,,,,,,,,,,,,14.6,,,,,,14.6,,
Chelsea vs Sunderland,avg_goles,,,,,,,,,,,,3.394,,,,,,2.01,,
Chelsea vs Sunderland,avg_tiros,,,,,,,,,,,,18.048,,,,,,10.418,,
Chelsea vs Sunderland,avg_pases,,,,,,,,,,,,336.567,,,,,,199.758,,
Chelsea vs Sunderland,avg_quites,,,,,,,,,,,,104.608,,,,,,110.817,,
Chelsea vs Swansea City,win%,,,,,,,,,,,,47.699999999999996,,,,,,,33.800000000000004,
Chelsea vs Swansea City,loss%,,,,,,,,,,,,33.800000000000004,,,,,,,47.699999999999996,
Chelsea vs Swansea City,tie%,,,,,,,,,,,,18.5,,,,,,,18.5,
Chelsea vs Swansea City,avg_goles,,,,,,,,,,,,3.151,,,,,,,2.654,
Chelsea vs Swansea City,avg_tiros,,,,,,,,,,,,14.595,,,,,,,12.949,
Chelsea vs Swansea City,avg_pases,,,,,,,,,,,,294.886,,,,,,,326.666,
Chelsea vs Swansea City,avg_quites,,,,,,,,,,,,96.492,,,,,,,89.127,
Chelsea vs Tottenham Hotspur,win%,,,,,,,,,,,,40.0,,,,,,,,43.4
Chelsea vs Tottenham Hotspur,loss%,,,,,,,,,,,,43.4,,,,,,,,40.0
Chelsea vs Tottenham Hotspur,tie%,,,,,,,,,,,,16.6,,,,,,,,16.6
Chelsea vs Tottenham Hotspur,avg_goles,,,,,,,,,,,,3.216,,,,,,,,3.354
Chelsea vs Tottenham Hotspur,avg_tiros,,,,,,,,,,,,15.894,,,,,,,,17.904
Chelsea vs Tottenham Hotspur,avg_pases,,,,,,,,,,,,334.533,,,,,,,,239.573
Chelsea vs Tottenham Hotspur,avg_quites,,,,,,,,,,,,98.963,,,,,,,,95.351
Liverpool vs Manchester United,win%,,,,,,,,,,,,,32.0,50.2,,,,,,
Liverpool vs Manchester United,loss%,,,,,,,,,,,,,50.2,32.0,,,,,,
Liverpool vs Manchester United,tie%,,,,,,,,,,,,,17.8,17.8,,,,,,
Liverpool vs Manchester United,avg_goles,,,,,,,,,,,,,2.528,3.089,,,,,,
Liverpool vs Manchester United,avg_tiros,,,,,,,,,,,,,13.968,11.199,,,,,,
Liverpool vs Manchester United,avg_pases,,,,,,,,,,,,,318.344,302.252,,,,,,
Liverpool vs Manchester United,avg_quites,,,,,,,,,,,,,91.941,100.885,,,,,,
Liverpool vs Norwich City,win%,,,,,,,,,,,,,31.6,,50.8,,,,,
Liverpool vs Norwich City,loss%,,,,,,,,,,,,,50.8,,31.6,,,,,
Liverpool vs Norwich City,tie%,,,,,,,,,,,,,17.599999999999998,,17.599999999999998,,,,,
Liverpool vs Norwich City,avg_goles,,,,,,,,,,,,,2.166,,2.651,,,,,
Liverpool vs Norwich City,avg_tiros,,,,,,,,,,,,,15.555,,10.253,,,,,
Liverpool vs Norwich City,avg_pases,,,,,,,,,,,,,370.702,,196.44,,,,,
Liverpool vs Norwich City,avg_quites,,,,,,,,,,,,,96.511,,107.872,,,,,
Liverpool vs Southampton,win%,,,,,,,,,,,,,96.0,,,2.1,,,,
Liverpool vs Southampton,loss%,,,,,,,,,,,,,2.1,,,96.0,,,,
Liverpool vs Southampton,tie%,,,,,,,,,,,,,1.9,,,1.9,,,,
Liverpool vs Southampton,avg_goles,,,,,,,,,,,,,9.602,,,3.031,,,,
Liverpool vs Southampton,avg_tiros,,,,,,,,,,,,,12.097,,,13.379,,,,
Liverpool vs Southampton,avg_pases,,,,,,,,,,,,,313.053,,,281.059,,,,
Liverpool vs Southampton,avg_quites,,,,,,,,,,,,,93.251,,,119.738,,,,
Liverpool vs Stoke City,win%,,,,,,,,,,,,,26.900000000000002,,,,56.3,,,
Liverpool vs Stoke City,loss%,,,,,,,,,,,,,56.3,,,,26.900000000000002,,,
Liverpool vs Stoke City,tie%,,,,,,,,,,,,,16.8,,,,16.8,,,
Liverpool vs Stoke City,avg_goles,,,,,,,,,,,,,2.0,,,,2.795,,,
Liverpool vs Stoke City,avg_tiros,,,,,,,,,,,,,15.459,,,,9.026,,,
Liverpool vs Stoke City,avg_pases,,,,,,,,,,,,,327.929,,,,202.474,,,
Liverpool vs Stoke City,avg_quites,,,,,,,,,,,,,105.548,,,,136.24,,,
Liverpool vs Sunderland,win%,,,,,,,,,,,,,44.4,,,,,34.8,,
Liverpool vs Sunderland,loss%,,,,,,,,,,,,,34.8,,,,,44.4,,
Liverpool vs Sunderland,tie%,,,,,,,,,,,,,20.8,,,,,20.8,,
Liverpool vs Sunderland,avg_goles,,,,,,,,,,,,,2.288,,,,,1.997,,
Liverpool vs Sunderland,avg_tiros,,,,,,,,,,,,,16.58,,,,,9.37,,
Liverpool vs Sunderland,avg_pases,,,,,,,,,,,,,358.359,,,,,196.861,,
Liverpool vs Sunderland,avg_quites,,,,,,,,,,,,,100.117,,,,,116.049,,
Liverpool vs Swansea City,win%,,,,,,,,,,,,,32.4,,,,,,47.4,
Liverpool vs Swansea City,loss%,,,,,,,,,,,,,47.4,,,,,,32.4,
Liverpool vs Swansea City,tie%,,,,,,,,,,,,,20.200000000000003,,,,,,20.200000000000003,
Liverpool vs Swansea City,avg_goles,,,,,,,,,,,,,2.186,,,,,,2.571,
Liverpool vs Swansea City,avg_tiros,,,,,,,,,,,,,13.208,,,,,,12.155,
Liverpool vs Swansea City,avg_pases,,,,,,,,,,,,,315.674,,,,,,316.72,
Liverpool vs Swansea City,avg_quites,,,,,,,,,,,,,93.789,,,,,,94.472,
Liverpool vs Tottenham Hotspur,win%,,,,,,,,,,,,,17.299999999999997,,,,,,,68.89999999999999
Liverpool vs Tottenham Hotspur,loss%,,,,,,,,,,,,,68.89999999999999,,,,,,,17.299999999999997
Liverpool vs Tottenham Hotspur,tie%,,,,,,,,,,,,,13.8,,,,,,,13.8
Liverpool vs Tottenham Hotspur,avg_goles,,,,,,,,,,,,,1.913,,,,,,,3.516
Liverpool vs Tottenham Hotspur,avg_tiros,,,,,,,,,,,,,14.282,,,,,,,16.605
Liverpool vs Tottenham Hotspur,avg_pases,,,,,,,,,,,,,352.227,,,,,,,229.023
Liverpool vs Tottenham Hotspur,avg_quites,,,,,,,,,,,,,94.13,,,,,,,103.911
Manchester United vs Norwich City,win%,,,,,,,,,,,,,,41.8,40.5,,,,,
Manchester United vs Norwich City,loss%,,,,,,,,,,,,,,40.5,41.8,,,,,
Manchester United vs Norwich City,tie%,,,,,,,,,,,,,,17.7,17.7,,,,,
Manchester United vs Norwich City,avg_goles,,,,,,,,,,,,,,2.656,2.566,,,,,
Manchester United vs Norwich City,avg_tiros,,,,,,,,,,,,,,12.302,10.321,,,,,
Manchester United vs Norwich City,avg_pases,,,,,,,,,,,,,,364.911,205.505,,,,,
Manchester United vs Norwich City,avg_quites,,,,,,,,,,,,,,101.174,103.872,,,,,
Manchester United vs Southampton,win%,,,,,,,,,,,,,,93.8,,2.8000000000000003,,,,
Manchester United vs Southampton,loss%,,,,,,,,,,,,,,2.8000000000000003,,93.8,,,,
Manchester United vs Southampton,tie%,,,,,,,,,,,,,,3.4000000000000004,,3.4000000000000004,,,,
Manchester United vs Southampton,avg_goles,,,,,,,,,,,,,,8.445,,3.13,,,,
Manchester United vs Southampton,avg_tiros,,,,,,,,,,,,,,9.728,,13.839,,,,
Manchester United vs Southampton,avg_pases,,,,,,,,,,,,,,304.698,,287.892,,,,
Manchester United vs Southampton,avg_quites,,,,,,,,,,,,,,95.034,,117.933,,,,
Manchester United vs Stoke City,win%,,,,,,,,,,,,,,44.3,,,40.0,,,
Manchester United vs Stoke City,loss%,,,,,,,,,,,,,,40.0,,,44.3,,,
Manchester United vs Stoke City,tie%,,,,,,,,,,,,,,15.7,,,15.7,,,
Manchester United vs Stoke City,avg_goles,,,,,,,,,,,,,,2.655,,,2.468,,,
Manchester United vs Stoke City,avg_tiros,,,,,,,,,,,,,,12.401,,,8.336,,,
Manchester United vs Stoke City,avg_pases,,,,,,,,,,,,,,321.338,,,215.763,,,
Manchester United vs Stoke City,avg_quites,,,,,,,,,,,,,,103.589,,,131.085,,,
Manchester United vs Sunderland,win%,,,,,,,,,,,,,,58.099999999999994,,,,24.0,,
Manchester United vs Sunderland,loss%,,,,,,,,,,,,,,24.0,,,,58.099999999999994,,
Manchester United vs Sunderland,tie%,,,,,,,,,,,,,,17.9,,,,17.9,,
Manchester United vs Sunderland,avg_goles,,,,,,,,,,,,,,2.879,,,,1.855,,
Manchester United vs Sunderland,avg_tiros,,,,,,,,,,,,,,13.355,,,,9.705,,
Manchester United vs Sunderland,avg_pases,,,,,,,,,,,,,,349.628,,,,205.204,,
Manchester United vs Sunderland,avg_quites,,,,,,,,,,,,,,104.135,,,,111.843,,
Manchester United vs Swansea City,win%,,,,,,,,,,,,,,50.6,,,,,30.599999999999998,
Manchester United vs Swansea City,loss%,,,,,,,,,,,,,,30.599999999999998,,,,,50.6,
Manchester United vs Swansea City,tie%,,,,,,,,,,,,,,18.8,,,,,18.8,
Manchester United vs Swansea City,avg_goles,,,,,,,,,,,,,,2.788,,,,,2.282,
Manchester United vs Swansea City,avg_tiros,,,,,,,,,,,,,,10.63,,,,,11.81,
Manchester United vs Swansea City,avg_pases,,,,,,,,,,,,,,312.996,,,,,323.588,
Manchester United vs Swansea City,avg_quites,,,,,,,,,,,,,,98.41,,,,,89.93,
Manchester United vs Tottenham Hotspur,win%,,,,,,,,,,,,,,25.2,,,,,,59.199999999999996
Manchester United vs Tottenham Hotspur,loss%,,,,,,,,,,,,,,59.199999999999996,,,,,,25.2
Manchester United vs Tottenham Hotspur,tie%,,,,,,,,,,,,,,15.6,,,,,,15.6
Manchester United vs Tottenham Hotspur,avg_goles,,,,,,,,,,,,,,2.337,,,,,,3.397
Manchester United vs Tottenham Hotspur,avg_tiros,,,,,,,,,,,,,,11.178,,,,,,16.843
Manchester United vs Tottenham Hotspur,avg_pases,,,,,,,,,,,,,,347.002,,,,,,237.291
Manchester United vs Tottenham Hotspur,avg_quites,,,,,,,,,,,,,,99.759,,,,,,96.282
Norwich City vs Southampton,win%,,,,,,,,,,,,,,,83.7,8.7,,,,
Norwich City vs Southampton,loss%,,,,,,,,,,,,,,,8.7,83.7,,,,
Norwich City vs Southampton,tie%,,,,,,,,,,,,,,,7.6,7.6,,,,
Norwich City vs Southampton,avg_goles,,,,,,,,,,,,,,,6.925,3.191,,,,
Norwich City vs Southampton,avg_tiros,,,,,,,,,,,,,,,8.716,16.451,,,,
Norwich City vs Southampton,avg_pases,,,,,,,,,,,,,,,199.02,340.622,,,,
Norwich City vs Southampton,avg_quites,,,,,,,,,,,,,,,99.897,122.91,,,,
Norwich City vs Stoke City,win%,,,,,,,,,,,,,,,37.1,,41.099999999999994,,,
Norwich City vs Stoke City,loss%,,,,,,,,,,,,,,,41.099999999999994,,37.1,,,
Norwich City vs Stoke City,tie%,,,,,,,,,,,,,,,21.8,,21.8,,,
Norwich City vs Stoke City,avg_goles,,,,,,,,,,,,,,,2.144,,2.272,,,
Norwich City vs Stoke City,avg_tiros,,,,,,,,,,,,,,,11.939,,9.33,,,
Norwich City vs Stoke City,avg_pases,,,,,,,,,,,,,,,219.419,,254.548,,,
Norwich City vs Stoke City,avg_quites,,,,,,,,,,,,,,,114.36,,143.261,,,
Norwich City vs Sunderland,win%,,,,,,,,,,,,,,,55.400000000000006,,,24.4,,
Norwich City vs Sunderland,loss%,,,,,,,,,,,,,,,24.4,,,55.400000000000006,,
Norwich City vs Sunderland,tie%,,,,,,,,,,,,,,,20.200000000000003,,,20.200000000000003,,
Norwich City vs Sunderland,avg_goles,,,,,,,,,,,,,,,2.561,,,1.744,,
Norwich City vs Sunderland,avg_tiros,,,,,,,,,,,,,,,12.989,,,10.56,,
Norwich City vs Sunderland,avg_pases,,,,,,,,,,,,,,,238.739,,,245.726,,
Norwich City vs Sunderland,avg_quites,,,,,,,,,,,,,,,112.511,,,122.127,,
Norwich City vs Swansea City,win%,,,,,,,,,,,,,,,37.8,,,,44.6,
Norwich City vs Swansea City,loss%,,,,,,,,,,,,,,,44.6,,,,37.8,
Norwich City vs Swansea City,tie%,,,,,,,,,,,,,,,17.599999999999998,,,,17.599999999999998,
Norwich City vs Swansea City,avg_goles,,,,,,,,,,,,,,,2.124,,,,2.257,
Norwich City vs Swansea City,avg_tiros,,,,,,,,,,,,,,,9.541,,,,13.597,
Norwich City vs Swansea City,avg_pases,,,,,,,,,,,,,,,206.105,,,,386.524,
Norwich City vs Swansea City,avg_quites,,,,,,,,,,,,,,,102.816,,,,94.315,
Norwich City vs Tottenham Hotspur,win%,,,,,,,,,,,,,,,19.6,,,,,64.3
Norwich City vs Tottenham Hotspur,loss%,,,,,,,,,,,,,,,64.3,,,,,19.6
Norwich City vs Tottenham Hotspur,tie%,,,,,,,,,,,,,,,16.1,,,,,16.1
Norwich City vs Tottenham Hotspur,avg_goles,,,,,,,,,,,,,,,1.877,,,,,3.213
Norwich City vs Tottenham Hotspur,avg_tiros,,,,,,,,,,,,,,,10.504,,,,,19.128
Norwich City vs Tottenham Hotspur,avg_pases,,,,,,,,,,,,,,,236.171,,,,,290.503
Norwich City vs Tottenham Hotspur,avg_quites,,,,,,,,,,,,,,,109.993,,,,,101.564
Southampton vs Stoke City,win%,,,,,,,,,,,,,,,,25.6,59.099999999999994,,,
Southampton vs Stoke City,loss%,,,,,,,,,,,,,,,,59.099999999999994,25.6,,,
Southampton vs Stoke City,tie%,,,,,,,,,,,,,,,,15.299999999999999,15.299999999999999,,,
Southampton vs Stoke City,avg_goles,,,,,,,,,,,,,,,,2.916,4.023,,,
Southampton vs Stoke City,avg_tiros,,,,,,,,,,,,,,,,15.329,7.205,,,
Southampton vs Stoke City,avg_pases,,,,,,,,,,,,,,,,298.25,208.112,,,
Southampton vs Stoke City,avg_quites,,,,,,,,,,,,,,,,128.798,127.392,,,
Southampton vs Sunderland,win%,,,,,,,,,,,,,,,,10.299999999999999,,82.39999999999999,,
Southampton vs Sunderland,loss%,,,,,,,,,,,,,,,,82.39999999999999,,10.299999999999999,,
Southampton vs Sunderland,tie%,,,,,,,,,,,,,,,,7.3,,7.3,,
Southampton vs Sunderland,avg_goles,,,,,,,,,,,,,,,,2.923,,6.361,,
Southampton vs Sunderland,avg_tiros,,,,,,,,,,,,,,,,16.414,,7.981,,
Southampton vs Sunderland,avg_pases,,,,,,,,,,,,,,,,323.716,,199.463,,
Southampton vs Sunderland,avg_quites,,,,,,,,,,,,,,,,125.378,,108.759,,
Southampton vs Swansea City,win%,,,,,,,,,,,,,,,,4.6,,,92.9,
Southampton vs Swansea City,loss%,,,,,,,,,,,,,,,,92.9,,,4.6,
Southampton vs Swansea City,tie%,,,,,,,,,,,,,,,,2.5,,,2.5,
Southampton vs Swansea City,avg_goles,,,,,,,,,,,,,,,,2.933,,,8.02,
Southampton vs Swansea City,avg_tiros,,,,,,,,,,,,,,,,13.624,,,10.531,
Southampton vs Swansea City,avg_pases,,,,,,,,,,,,,,,,291.213,,,314.789,
Southampton vs Swansea City,avg_quites,,,,,,,,,,,,,,,,114.64,,,90.83,
Southampton vs Tottenham Hotspur,win%,,,,,,,,,,,,,,,,0.2,,,,99.3
Southampton vs Tottenham Hotspur,loss%,,,,,,,,,,,,,,,,99.3,,,,0.2
Southampton vs Tottenham Hotspur,tie%,,,,,,,,,,,,,,,,0.5,,,,0.5
Southampton vs Tottenham Hotspur,avg_goles,,,,,,,,,,,,,,,,2.856,,,,11.845
Southampton vs Tottenham Hotspur,avg_tiros,,,,,,,,,,,,,,,,14.881,,,,14.074
Southampton vs Tottenham Hotspur,avg_pases,,,,,,,,,,,,,,,,325.491,,,,230.401
Southampton vs Tottenham Hotspur,avg_quites,,,,,,,,,,,,,,,,117.77,,,,99.812
Stoke City vs Sunderland,win%,,,,,,,,,,,,,,,,,52.400000000000006,28.7,,
Stoke City vs Sunderland,loss%,,,,,,,,,,,,,,,,,28.7,52.400000000000006,,
Stoke City vs Sunderland,tie%,,,,,,,,,,,,,,,,,18.9,18.9,,
Stoke City vs Sunderland,avg_goles,,,,,,,,,,,,,,,,,2.408,1.736,,
Stoke City vs Sunderland,avg_tiros,,,,,,,,,,,,,,,,,10.148,10.902,,
Stoke City vs Sunderland,avg_pases,,,,,,,,,,,,,,,,,240.204,219.079,,
Stoke City vs Sunderland,avg_quites,,,,,,,,,,,,,,,,,142.824,122.4,,
Stoke City vs Swansea City,win%,,,,,,,,,,,,,,,,,40.400000000000006,,39.300000000000004,
Stoke City vs Swansea City,loss%,,,,,,,,,,,,,,,,,39.300000000000004,,40.400000000000006,
Stoke City vs Swansea City,tie%,,,,,,,,,,,,,,,,,20.3,,20.3,
Stoke City vs Swansea City,avg_goles,,,,,,,,,,,,,,,,,2.248,,2.231,
Stoke City vs Swansea City,avg_tiros,,,,,,,,,,,,,,,,,7.97,,13.535,
Stoke City vs Swansea City,avg_pases,,,,,,,,,,,,,,,,,210.259,,346.217,
Stoke City vs Swansea City,avg_quites,,,,,,,,,,,,,,,,,129.517,,96.282,
Stoke City vs Tottenham Hotspur,win%,,,,,,,,,,,,,,,,,23.400000000000002,,,58.4
Stoke City vs Tottenham Hotspur,loss%,,,,,,,,,,,,,,,,,58.4,,,23.400000000000002
Stoke City vs Tottenham Hotspur,tie%,,,,,,,,,,,,,,,,,18.2,,,18.2
Stoke City vs Tottenham Hotspur,avg_goles,,,,,,,,,,,,,,,,,1.84,,,2.934
Stoke City vs Tottenham Hotspur,avg_tiros,,,,,,,,,,,,,,,,,8.452,,,18.259
Stoke City vs Tottenham Hotspur,avg_pases,,,,,,,,,,,,,,,,,243.009,,,260.395
Stoke City vs Tottenham Hotspur,avg_quites,,,,,,,,,,,,,,,,,136.155,,,105.45
Sunderland vs Swansea City,win%,,,,,,,,,,,,,,,,,,25.3,55.400000000000006,
Sunderland vs Swansea City,loss%,,,,,,,,,,,,,,,,,,55.400000000000006,25.3,
Sunderland vs Swansea City,tie%,,,,,,,,,,,,,,,,,,19.3,19.3,
Sunderland vs Swansea City,avg_goles,,,,,,,,,,,,,,,,,,1.648,2.528,
Sunderland vs Swansea City,avg_tiros,,,,,,,,,,,,,,,,,,9.042,15.13,
Sunderland vs Swansea City,avg_pases,,,,,,,,,,,,,,,,,,205.606,366.78,
Sunderland vs Swansea City,avg_quites,,,,,,,,,,,,,,,,,,111.998,95.786,
Sunderland vs Tottenham Hotspur,win%,,,,,,,,,,,,,,,,,,16.8,,69.6
Sunderland vs Tottenham Hotspur,loss%,,,,,,,,,,,,,,,,,,69.6,,16.8
Sunderland vs Tottenham Hotspur,tie%,,,,,,,,,,,,,,,,,,13.600000000000001,,13.600000000000001
Sunderland vs Tottenham Hotspur,avg_goles,,,,,,,,,,,,,,,,,,1.518,,3.121
Sunderland vs Tottenham Hotspur,avg_tiros,,,,,,,,,,,,,,,,,,9.521,,20.113
Sunderland vs Tottenham Hotspur,avg_pases,,,,,,,,,,,,,,,,,,233.609,,275.258
Sunderland vs Tottenham Hotspur,avg_quites,,,,,,,,,,,,,,,,,,116.005,,104.996
Swansea City vs Tottenham Hotspur,win%,,,,,,,,,,,,,,,,,,,25.0,58.199999999999996
Swansea City vs Tottenham Hotspur,loss%,,,,,,,,,,,,,,,,,,,58.199999999999996,25.0
Swansea City vs Tottenham Hotspur,tie%,,,,,,,,,,,,,,,,,,,16.8,16.8
Swansea City vs Tottenham Hotspur,avg_goles,,,,,,,,,,,,,,,,,,,1.838,2.82
Swansea City vs Tottenham Hotspur,avg_tiros,,,,,,,,,,,,,,,,,,,12.384,15.696
Swansea City vs Tottenham Hotspur,avg_pases,,,,,,,,,,,,,,,,,,,365.441,241.621
Swansea City vs Tottenham Hotspur,avg_quites,,,,,,,,,,,,,,,,,,,90.938,97.131
